Heroe_1,Heroe_2
Aquaman,Ares
Aquaman,Atom Smasher
Aquaman,Batman
Aquaman,Black Adam
Aquaman,Black Canary
Aquaman,Black Manta
Aquaman,Black Mask
Aquaman,Bloodsport
Aquaman,Captain Boomerang
Aquaman,Cassandra Cain
Aquaman,Cheetah
Aquaman,Cyborg
Aquaman,Cyclone
Aquaman,Dark Flash
Aquaman,Darkseid
Aquaman,Deadshot
Aquaman,Doctor Fate
Aquaman,Doctor Sivana
Aquaman,Doomsday
Aquaman,El Diablo
Aquaman,Enchantress
Aquaman,Envy
Aquaman,Faora
Aquaman,Freddy Freeman
Aquaman,General Zod
Aquaman,Gluttony
Aquaman,Green Lantern
Aquaman,Harley Quinn
Aquaman,Hawkman
Aquaman,Hespera
Aquaman,Huntress
Aquaman,Incubus
Aquaman,Joker
Aquaman,Jor-El
Aquaman,Judomaster
Aquaman,Karathen
Aquaman,Katana
Aquaman,Killer Croc
Aquaman,King Nereus
Aquaman,King Shark
Aquaman,Lex Luthor
Aquaman,Lust
Aquaman,Mera
Aquaman,Mister Zsasz
Aquaman,Nam-Ek
Aquaman,Nuidis Vulko
Aquaman,Ocean Master
Aquaman,Parademon
Aquaman,Peacemaker
Aquaman,Penthesileia
Aquaman,Philippus
Aquaman,Polka-Dot Man
Aquaman,Queen Atlanna
Aquaman,Queen Hippolyta
Aquaman,Ratcatcher
Aquaman,Rick Flag
Aquaman,Sabbac
Aquaman,Savant
Aquaman,Shazam
Aquaman,Slipknot
Aquaman,Sol Soria
Aquaman,Starro
Aquaman,Steppenwolf
Aquaman,Supergirl
Aquaman,Superman
Aquaman,T.D.K.
Aquaman,The Flash
Aquaman,Vigilante
Aquaman,White Dragon
Aquaman,Wonder Woman
Aquaman,Wrath
Aquaman,Zeus
Ares,Atom Smasher
Ares,Batman
Ares,Black Adam
Ares,Black Canary
Ares,Black Manta
Ares,Black Mask
Ares,Bloodsport
Ares,Captain Boomerang
Ares,Cassandra Cain
Ares,Cheetah
Ares,Cyborg
Ares,Cyclone
Ares,Dark Flash
Ares,Darkseid
Ares,Deadshot
Ares,Doctor Fate
Ares,Doctor Sivana
Ares,Doomsday
Ares,El Diablo
Ares,Enchantress
Ares,Envy
Ares,Faora
Ares,Freddy Freeman
Ares,General Zod
Ares,Gluttony
Ares,Green Lantern
Ares,Harley Quinn
Ares,Hawkman
Ares,Hespera
Ares,Huntress
Ares,Incubus
Ares,Joker
Ares,Jor-El
Ares,Judomaster
Ares,Karathen
Ares,Katana
Ares,Killer Croc
Ares,King Nereus
Ares,King Shark
Ares,Lex Luthor
Ares,Lust
Ares,Mera
Ares,Mister Zsasz
Ares,Nam-Ek
Ares,Nuidis Vulko
Ares,Ocean Master
Ares,Parademon
Ares,Peacemaker
Ares,Penthesileia
Ares,Philippus
Ares,Polka-Dot Man
Ares,Queen Atlanna
Ares,Queen Hippolyta
Ares,Ratcatcher
Ares,Rick Flag
Ares,Sabbac
Ares,Savant
Ares,Shazam
Ares,Slipknot
Ares,Sol Soria
Ares,Starro
Ares,Steppenwolf
Ares,Supergirl
Ares,Superman
Ares,T.D.K.
Ares,The Flash
Ares,Vigilante
Ares,White Dragon
Ares,Wonder Woman
Ares,Wrath
Ares,Zeus
Atom Smasher,Batman
Atom Smasher,Black Adam
Atom Smasher,Black Canary
Atom Smasher,Black Manta
Atom Smasher,Black Mask
Atom Smasher,Bloodsport
Atom Smasher,Captain Boomerang
Atom Smasher,Cassandra Cain
Atom Smasher,Cheetah
Atom Smasher,Cyborg
Atom Smasher,Cyclone
Atom Smasher,Dark Flash
Atom Smasher,Darkseid
Atom Smasher,Deadshot
Atom Smasher,Doctor Fate
Atom Smasher,Doctor Sivana
Atom Smasher,Doomsday
Atom Smasher,El Diablo
Atom Smasher,Enchantress
Atom Smasher,Envy
Atom Smasher,Faora
Atom Smasher,Freddy Freeman
Atom Smasher,General Zod
Atom Smasher,Gluttony
Atom Smasher,Green Lantern
Atom Smasher,Harley Quinn
Atom Smasher,Hawkman
Atom Smasher,Hespera
Atom Smasher,Huntress
Atom Smasher,Incubus
Atom Smasher,Joker
Atom Smasher,Jor-El
Atom Smasher,Judomaster
Atom Smasher,Karathen
Atom Smasher,Katana
Atom Smasher,Killer Croc
Atom Smasher,King Nereus
Atom Smasher,King Shark
Atom Smasher,Lex Luthor
Atom Smasher,Lust
Atom Smasher,Mera
Atom Smasher,Mister Zsasz
Atom Smasher,Nam-Ek
Atom Smasher,Nuidis Vulko
Atom Smasher,Ocean Master
Atom Smasher,Parademon
Atom Smasher,Peacemaker
Atom Smasher,Penthesileia
Atom Smasher,Philippus
Atom Smasher,Polka-Dot Man
Atom Smasher,Queen Atlanna
Atom Smasher,Queen Hippolyta
Atom Smasher,Ratcatcher
Atom Smasher,Rick Flag
Atom Smasher,Sabbac
Atom Smasher,Savant
Atom Smasher,Shazam
Atom Smasher,Slipknot
Atom Smasher,Sol Soria
Atom Smasher,Starro
Atom Smasher,Steppenwolf
Atom Smasher,Supergirl
Atom Smasher,Superman
Atom Smasher,T.D.K.
Atom Smasher,The Flash
Atom Smasher,Vigilante
Atom Smasher,White Dragon
Atom Smasher,Wonder Woman
Atom Smasher,Wrath
Atom Smasher,Zeus
Batman,Black Adam
Batman,Black Canary
Batman,Black Manta
Batman,Black Mask
Batman,Bloodsport
Batman,Captain Boomerang
Batman,Cassandra Cain
Batman,Cheetah
Batman,Cyborg
Batman,Cyclone
Batman,Dark Flash
Batman,Darkseid
Batman,Deadshot
Batman,Doctor Fate
Batman,Doctor Sivana
Batman,Doomsday
Batman,El Diablo
Batman,Enchantress
Batman,Envy
Batman,Faora
Batman,Freddy Freeman
Batman,General Zod
Batman,Gluttony
Batman,Green Lantern
Batman,Harley Quinn
Batman,Hawkman
Batman,Hespera
Batman,Huntress
Batman,Incubus
Batman,Joker
Batman,Jor-El
Batman,Judomaster
Batman,Karathen
Batman,Katana
Batman,Killer Croc
Batman,King Nereus
Batman,King Shark
Batman,Lex Luthor
Batman,Lust
Batman,Mera
Batman,Mister Zsasz
Batman,Nam-Ek
Batman,Nuidis Vulko
Batman,Ocean Master
Batman,Parademon
Batman,Peacemaker
Batman,Penthesileia
Batman,Philippus
Batman,Polka-Dot Man
Batman,Queen Atlanna
Batman,Queen Hippolyta
Batman,Ratcatcher
Batman,Rick Flag
Batman,Sabbac
Batman,Savant
Batman,Shazam
Batman,Slipknot
Batman,Sol Soria
Batman,Starro
Batman,Steppenwolf
Batman,Supergirl
Batman,Superman
Batman,T.D.K.
Batman,The Flash
Batman,Vigilante
Batman,White Dragon
Batman,Wonder Woman
Batman,Wrath
Batman,Zeus
Black Adam,Black Canary
Black Adam,Black Manta
Black Adam,Black Mask
Black Adam,Bloodsport
Black Adam,Captain Boomerang
Black Adam,Cassandra Cain
Black Adam,Cheetah
Black Adam,Cyborg
Black Adam,Cyclone
Black Adam,Dark Flash
Black Adam,Darkseid
Black Adam,Deadshot
Black Adam,Doctor Fate
Black Adam,Doctor Sivana
Black Adam,Doomsday
Black Adam,El Diablo
Black Adam,Enchantress
Black Adam,Envy
Black Adam,Faora
Black Adam,Freddy Freeman
Black Adam,General Zod
Black Adam,Gluttony
Black Adam,Green Lantern
Black Adam,Harley Quinn
Black Adam,Hawkman
Black Adam,Hespera
Black Adam,Huntress
Black Adam,Incubus
Black Adam,Joker
Black Adam,Jor-El
Black Adam,Judomaster
Black Adam,Karathen
Black Adam,Katana
Black Adam,Killer Croc
Black Adam,King Nereus
Black Adam,King Shark
Black Adam,Lex Luthor
Black Adam,Lust
Black Adam,Mera
Black Adam,Mister Zsasz
Black Adam,Nam-Ek
Black Adam,Nuidis Vulko
Black Adam,Ocean Master
Black Adam,Parademon
Black Adam,Peacemaker
Black Adam,Penthesileia
Black Adam,Philippus
Black Adam,Polka-Dot Man
Black Adam,Queen Atlanna
Black Adam,Queen Hippolyta
Black Adam,Ratcatcher
Black Adam,Rick Flag
Black Adam,Sabbac
Black Adam,Savant
Black Adam,Shazam
Black Adam,Slipknot
Black Adam,Sol Soria
Black Adam,Starro
Black Adam,Steppenwolf
Black Adam,Supergirl
Black Adam,Superman
Black Adam,T.D.K.
Black Adam,The Flash
Black Adam,Vigilante
Black Adam,White Dragon
Black Adam,Wonder Woman
Black Adam,Wrath
Black Adam,Zeus
Black Canary,Black Manta
Black Canary,Black Mask
Black Canary,Bloodsport
Black Canary,Captain Boomerang
Black Canary,Cassandra Cain
Black Canary,Cheetah
Black Canary,Cyborg
Black Canary,Cyclone
Black Canary,Dark Flash
Black Canary,Darkseid
Black Canary,Deadshot
Black Canary,Doctor Fate
Black Canary,Doctor Sivana
Black Canary,Doomsday
Black Canary,El Diablo
Black Canary,Enchantress
Black Canary,Envy
Black Canary,Faora
Black Canary,Freddy Freeman
Black Canary,General Zod
Black Canary,Gluttony
Black Canary,Green Lantern
Black Canary,Harley Quinn
Black Canary,Hawkman
Black Canary,Hespera
Black Canary,Huntress
Black Canary,Incubus
Black Canary,Joker
Black Canary,Jor-El
Black Canary,Judomaster
Black Canary,Karathen
Black Canary,Katana
Black Canary,Killer Croc
Black Canary,King Nereus
Black Canary,King Shark
Black Canary,Lex Luthor
Black Canary,Lust
Black Canary,Mera
Black Canary,Mister Zsasz
Black Canary,Nam-Ek
Black Canary,Nuidis Vulko
Black Canary,Ocean Master
Black Canary,Parademon
Black Canary,Peacemaker
Black Canary,Penthesileia
Black Canary,Philippus
Black Canary,Polka-Dot Man
Black Canary,Queen Atlanna
Black Canary,Queen Hippolyta
Black Canary,Ratcatcher
Black Canary,Rick Flag
Black Canary,Sabbac
Black Canary,Savant
Black Canary,Shazam
Black Canary,Slipknot
Black Canary,Sol Soria
Black Canary,Starro
Black Canary,Steppenwolf
Black Canary,Supergirl
Black Canary,Superman
Black Canary,T.D.K.
Black Canary,The Flash
Black Canary,Vigilante
Black Canary,White Dragon
Black Canary,Wonder Woman
Black Canary,Wrath
Black Canary,Zeus
Black Manta,Black Mask
Black Manta,Bloodsport
Black Manta,Captain Boomerang
Black Manta,Cassandra Cain
Black Manta,Cheetah
Black Manta,Cyborg
Black Manta,Cyclone
Black Manta,Dark Flash
Black Manta,Darkseid
Black Manta,Deadshot
Black Manta,Doctor Fate
Black Manta,Doctor Sivana
Black Manta,Doomsday
Black Manta,El Diablo
Black Manta,Enchantress
Black Manta,Envy
Black Manta,Faora
Black Manta,Freddy Freeman
Black Manta,General Zod
Black Manta,Gluttony
Black Manta,Green Lantern
Black Manta,Harley Quinn
Black Manta,Hawkman
Black Manta,Hespera
Black Manta,Huntress
Black Manta,Incubus
Black Manta,Joker
Black Manta,Jor-El
Black Manta,Judomaster
Black Manta,Karathen
Black Manta,Katana
Black Manta,Killer Croc
Black Manta,King Nereus
Black Manta,King Shark
Black Manta,Lex Luthor
Black Manta,Lust
Black Manta,Mera
Black Manta,Mister Zsasz
Black Manta,Nam-Ek
Black Manta,Nuidis Vulko
Black Manta,Ocean Master
Black Manta,Parademon
Black Manta,Peacemaker
Black Manta,Penthesileia
Black Manta,Philippus
Black Manta,Polka-Dot Man
Black Manta,Queen Atlanna
Black Manta,Queen Hippolyta
Black Manta,Ratcatcher
Black Manta,Rick Flag
Black Manta,Sabbac
Black Manta,Savant
Black Manta,Shazam
Black Manta,Slipknot
Black Manta,Sol Soria
Black Manta,Starro
Black Manta,Steppenwolf
Black Manta,Supergirl
Black Manta,Superman
Black Manta,T.D.K.
Black Manta,The Flash
Black Manta,Vigilante
Black Manta,White Dragon
Black Manta,Wonder Woman
Black Manta,Wrath
Black Manta,Zeus
Black Mask,Bloodsport
Black Mask,Captain Boomerang
Black Mask,Cassandra Cain
Black Mask,Cheetah
Black Mask,Cyborg
Black Mask,Cyclone
Black Mask,Dark Flash
Black Mask,Darkseid
Black Mask,Deadshot
Black Mask,Doctor Fate
Black Mask,Doctor Sivana
Black Mask,Doomsday
Black Mask,El Diablo
Black Mask,Enchantress
Black Mask,Envy
Black Mask,Faora
Black Mask,Freddy Freeman
Black Mask,General Zod
Black Mask,Gluttony
Black Mask,Green Lantern
Black Mask,Harley Quinn
Black Mask,Hawkman
Black Mask,Hespera
Black Mask,Huntress
Black Mask,Incubus
Black Mask,Joker
Black Mask,Jor-El
Black Mask,Judomaster
Black Mask,Karathen
Black Mask,Katana
Black Mask,Killer Croc
Black Mask,King Nereus
Black Mask,King Shark
Black Mask,Lex Luthor
Black Mask,Lust
Black Mask,Mera
Black Mask,Mister Zsasz
Black Mask,Nam-Ek
Black Mask,Nuidis Vulko
Black Mask,Ocean Master
Black Mask,Parademon
Black Mask,Peacemaker
Black Mask,Penthesileia
Black Mask,Philippus
Black Mask,Polka-Dot Man
Black Mask,Queen Atlanna
Black Mask,Queen Hippolyta
Black Mask,Ratcatcher
Black Mask,Rick Flag
Black Mask,Sabbac
Black Mask,Savant
Black Mask,Shazam
Black Mask,Slipknot
Black Mask,Sol Soria
Black Mask,Starro
Black Mask,Steppenwolf
Black Mask,Supergirl
Black Mask,Superman
Black Mask,T.D.K.
Black Mask,The Flash
Black Mask,Vigilante
Black Mask,White Dragon
Black Mask,Wonder Woman
Black Mask,Wrath
Black Mask,Zeus
Bloodsport,Captain Boomerang
Bloodsport,Cassandra Cain
Bloodsport,Cheetah
Bloodsport,Cyborg
Bloodsport,Cyclone
Bloodsport,Dark Flash
Bloodsport,Darkseid
Bloodsport,Deadshot
Bloodsport,Doctor Fate
Bloodsport,Doctor Sivana
Bloodsport,Doomsday
Bloodsport,El Diablo
Bloodsport,Enchantress
Bloodsport,Envy
Bloodsport,Faora
Bloodsport,Freddy Freeman
Bloodsport,General Zod
Bloodsport,Gluttony
Bloodsport,Green Lantern
Bloodsport,Harley Quinn
Bloodsport,Hawkman
Bloodsport,Hespera
Bloodsport,Huntress
Bloodsport,Incubus
Bloodsport,Joker
Bloodsport,Jor-El
Bloodsport,Judomaster
Bloodsport,Karathen
Bloodsport,Katana
Bloodsport,Killer Croc
Bloodsport,King Nereus
Bloodsport,King Shark
Bloodsport,Lex Luthor
Bloodsport,Lust
Bloodsport,Mera
Bloodsport,Mister Zsasz
Bloodsport,Nam-Ek
Bloodsport,Nuidis Vulko
Bloodsport,Ocean Master
Bloodsport,Parademon
Bloodsport,Peacemaker
Bloodsport,Penthesileia
Bloodsport,Philippus
Bloodsport,Polka-Dot Man
Bloodsport,Queen Atlanna
Bloodsport,Queen Hippolyta
Bloodsport,Ratcatcher
Bloodsport,Rick Flag
Bloodsport,Sabbac
Bloodsport,Savant
Bloodsport,Shazam
Bloodsport,Slipknot
Bloodsport,Sol Soria
Bloodsport,Starro
Bloodsport,Steppenwolf
Bloodsport,Supergirl
Bloodsport,Superman
Bloodsport,T.D.K.
Bloodsport,The Flash
Bloodsport,Vigilante
Bloodsport,White Dragon
Bloodsport,Wonder Woman
Bloodsport,Wrath
Bloodsport,Zeus
Captain Boomerang,Cassandra Cain
Captain Boomerang,Cheetah
Captain Boomerang,Cyborg
Captain Boomerang,Cyclone
Captain Boomerang,Dark Flash
Captain Boomerang,Darkseid
Captain Boomerang,Deadshot
Captain Boomerang,Doctor Fate
Captain Boomerang,Doctor Sivana
Captain Boomerang,Doomsday
Captain Boomerang,El Diablo
Captain Boomerang,Enchantress
Captain Boomerang,Envy
Captain Boomerang,Faora
Captain Boomerang,Freddy Freeman
Captain Boomerang,General Zod
Captain Boomerang,Gluttony
Captain Boomerang,Green Lantern
Captain Boomerang,Harley Quinn
Captain Boomerang,Hawkman
Captain Boomerang,Hespera
Captain Boomerang,Huntress
Captain Boomerang,Incubus
Captain Boomerang,Joker
Captain Boomerang,Jor-El
Captain Boomerang,Judomaster
Captain Boomerang,Karathen
Captain Boomerang,Katana
Captain Boomerang,Killer Croc
Captain Boomerang,King Nereus
Captain Boomerang,King Shark
Captain Boomerang,Lex Luthor
Captain Boomerang,Lust
Captain Boomerang,Mera
Captain Boomerang,Mister Zsasz
Captain Boomerang,Nam-Ek
Captain Boomerang,Nuidis Vulko
Captain Boomerang,Ocean Master
Captain Boomerang,Parademon
Captain Boomerang,Peacemaker
Captain Boomerang,Penthesileia
Captain Boomerang,Philippus
Captain Boomerang,Polka-Dot Man
Captain Boomerang,Queen Atlanna
Captain Boomerang,Queen Hippolyta
Captain Boomerang,Ratcatcher
Captain Boomerang,Rick Flag
Captain Boomerang,Sabbac
Captain Boomerang,Savant
Captain Boomerang,Shazam
Captain Boomerang,Slipknot
Captain Boomerang,Sol Soria
Captain Boomerang,Starro
Captain Boomerang,Steppenwolf
Captain Boomerang,Supergirl
Captain Boomerang,Superman
Captain Boomerang,T.D.K.
Captain Boomerang,The Flash
Captain Boomerang,Vigilante
Captain Boomerang,White Dragon
Captain Boomerang,Wonder Woman
Captain Boomerang,Wrath
Captain Boomerang,Zeus
Cassandra Cain,Cheetah
Cassandra Cain,Cyborg
Cassandra Cain,Cyclone
Cassandra Cain,Dark Flash
Cassandra Cain,Darkseid
Cassandra Cain,Deadshot
Cassandra Cain,Doctor Fate
Cassandra Cain,Doctor Sivana
Cassandra Cain,Doomsday
Cassandra Cain,El Diablo
Cassandra Cain,Enchantress
Cassandra Cain,Envy
Cassandra Cain,Faora
Cassandra Cain,Freddy Freeman
Cassandra Cain,General Zod
Cassandra Cain,Gluttony
Cassandra Cain,Green Lantern
Cassandra Cain,Harley Quinn
Cassandra Cain,Hawkman
Cassandra Cain,Hespera
Cassandra Cain,Huntress
Cassandra Cain,Incubus
Cassandra Cain,Joker
Cassandra Cain,Jor-El
Cassandra Cain,Judomaster
Cassandra Cain,Karathen
Cassandra Cain,Katana
Cassandra Cain,Killer Croc
Cassandra Cain,King Nereus
Cassandra Cain,King Shark
Cassandra Cain,Lex Luthor
Cassandra Cain,Lust
Cassandra Cain,Mera
Cassandra Cain,Mister Zsasz
Cassandra Cain,Nam-Ek
Cassandra Cain,Nuidis Vulko
Cassandra Cain,Ocean Master
Cassandra Cain,Parademon
Cassandra Cain,Peacemaker
Cassandra Cain,Penthesileia
Cassandra Cain,Philippus
Cassandra Cain,Polka-Dot Man
Cassandra Cain,Queen Atlanna
Cassandra Cain,Queen Hippolyta
Cassandra Cain,Ratcatcher
Cassandra Cain,Rick Flag
Cassandra Cain,Sabbac
Cassandra Cain,Savant
Cassandra Cain,Shazam
Cassandra Cain,Slipknot
Cassandra Cain,Sol Soria
Cassandra Cain,Starro
Cassandra Cain,Steppenwolf
Cassandra Cain,Supergirl
Cassandra Cain,Superman
Cassandra Cain,T.D.K.
Cassandra Cain,The Flash
Cassandra Cain,Vigilante
Cassandra Cain,White Dragon
Cassandra Cain,Wonder Woman
Cassandra Cain,Wrath
Cassandra Cain,Zeus
Cheetah,Cyborg
Cheetah,Cyclone
Cheetah,Dark Flash
Cheetah,Darkseid
Cheetah,Deadshot
Cheetah,Doctor Fate
Cheetah,Doctor Sivana
Cheetah,Doomsday
Cheetah,El Diablo
Cheetah,Enchantress
Cheetah,Envy
Cheetah,Faora
Cheetah,Freddy Freeman
Cheetah,General Zod
Cheetah,Gluttony
Cheetah,Green Lantern
Cheetah,Harley Quinn
Cheetah,Hawkman
Cheetah,Hespera
Cheetah,Huntress
Cheetah,Incubus
Cheetah,Joker
Cheetah,Jor-El
Cheetah,Judomaster
Cheetah,Karathen
Cheetah,Katana
Cheetah,Killer Croc
Cheetah,King Nereus
Cheetah,King Shark
Cheetah,Lex Luthor
Cheetah,Lust
Cheetah,Mera
Cheetah,Mister Zsasz
Cheetah,Nam-Ek
Cheetah,Nuidis Vulko
Cheetah,Ocean Master
Cheetah,Parademon
Cheetah,Peacemaker
Cheetah,Penthesileia
Cheetah,Philippus
Cheetah,Polka-Dot Man
Cheetah,Queen Atlanna
Cheetah,Queen Hippolyta
Cheetah,Ratcatcher
Cheetah,Rick Flag
Cheetah,Sabbac
Cheetah,Savant
Cheetah,Shazam
Cheetah,Slipknot
Cheetah,Sol Soria
Cheetah,Starro
Cheetah,Steppenwolf
Cheetah,Supergirl
Cheetah,Superman
Cheetah,T.D.K.
Cheetah,The Flash
Cheetah,Vigilante
Cheetah,White Dragon
Cheetah,Wonder Woman
Cheetah,Wrath
Cheetah,Zeus
Cyborg,Cyclone
Cyborg,Dark Flash
Cyborg,Darkseid
Cyborg,Deadshot
Cyborg,Doctor Fate
Cyborg,Doctor Sivana
Cyborg,Doomsday
Cyborg,El Diablo
Cyborg,Enchantress
Cyborg,Envy
Cyborg,Faora
Cyborg,Freddy Freeman
Cyborg,General Zod
Cyborg,Gluttony
Cyborg,Green Lantern
Cyborg,Harley Quinn
Cyborg,Hawkman
Cyborg,Hespera
Cyborg,Huntress
Cyborg,Incubus
Cyborg,Joker
Cyborg,Jor-El
Cyborg,Judomaster
Cyborg,Karathen
Cyborg,Katana
Cyborg,Killer Croc
Cyborg,King Nereus
Cyborg,King Shark
Cyborg,Lex Luthor
Cyborg,Lust
Cyborg,Mera
Cyborg,Mister Zsasz
Cyborg,Nam-Ek
Cyborg,Nuidis Vulko
Cyborg,Ocean Master
Cyborg,Parademon
Cyborg,Peacemaker
Cyborg,Penthesileia
Cyborg,Philippus
Cyborg,Polka-Dot Man
Cyborg,Queen Atlanna
Cyborg,Queen Hippolyta
Cyborg,Ratcatcher
Cyborg,Rick Flag
Cyborg,Sabbac
Cyborg,Savant
Cyborg,Shazam
Cyborg,Slipknot
Cyborg,Sol Soria
Cyborg,Starro
Cyborg,Steppenwolf
Cyborg,Supergirl
Cyborg,Superman
Cyborg,T.D.K.
Cyborg,The Flash
Cyborg,Vigilante
Cyborg,White Dragon
Cyborg,Wonder Woman
Cyborg,Wrath
Cyborg,Zeus
Cyclone,Dark Flash
Cyclone,Darkseid
Cyclone,Deadshot
Cyclone,Doctor Fate
Cyclone,Doctor Sivana
Cyclone,Doomsday
Cyclone,El Diablo
Cyclone,Enchantress
Cyclone,Envy
Cyclone,Faora
Cyclone,Freddy Freeman
Cyclone,General Zod
Cyclone,Gluttony
Cyclone,Green Lantern
Cyclone,Harley Quinn
Cyclone,Hawkman
Cyclone,Hespera
Cyclone,Huntress
Cyclone,Incubus
Cyclone,Joker
Cyclone,Jor-El
Cyclone,Judomaster
Cyclone,Karathen
Cyclone,Katana
Cyclone,Killer Croc
Cyclone,King Nereus
Cyclone,King Shark
Cyclone,Lex Luthor
Cyclone,Lust
Cyclone,Mera
Cyclone,Mister Zsasz
Cyclone,Nam-Ek
Cyclone,Nuidis Vulko
Cyclone,Ocean Master
Cyclone,Parademon
Cyclone,Peacemaker
Cyclone,Penthesileia
Cyclone,Philippus
Cyclone,Polka-Dot Man
Cyclone,Queen Atlanna
Cyclone,Queen Hippolyta
Cyclone,Ratcatcher
Cyclone,Rick Flag
Cyclone,Sabbac
Cyclone,Savant
Cyclone,Shazam
Cyclone,Slipknot
Cyclone,Sol Soria
Cyclone,Starro
Cyclone,Steppenwolf
Cyclone,Supergirl
Cyclone,Superman
Cyclone,T.D.K.
Cyclone,The Flash
Cyclone,Vigilante
Cyclone,White Dragon
Cyclone,Wonder Woman
Cyclone,Wrath
Cyclone,Zeus
Dark Flash,Darkseid
Dark Flash,Deadshot
Dark Flash,Doctor Fate
Dark Flash,Doctor Sivana
Dark Flash,Doomsday
Dark Flash,El Diablo
Dark Flash,Enchantress
Dark Flash,Envy
Dark Flash,Faora
Dark Flash,Freddy Freeman
Dark Flash,General Zod
Dark Flash,Gluttony
Dark Flash,Green Lantern
Dark Flash,Harley Quinn
Dark Flash,Hawkman
Dark Flash,Hespera
Dark Flash,Huntress
Dark Flash,Incubus
Dark Flash,Joker
Dark Flash,Jor-El
Dark Flash,Judomaster
Dark Flash,Karathen
Dark Flash,Katana
Dark Flash,Killer Croc
Dark Flash,King Nereus
Dark Flash,King Shark
Dark Flash,Lex Luthor
Dark Flash,Lust
Dark Flash,Mera
Dark Flash,Mister Zsasz
Dark Flash,Nam-Ek
Dark Flash,Nuidis Vulko
Dark Flash,Ocean Master
Dark Flash,Parademon
Dark Flash,Peacemaker
Dark Flash,Penthesileia
Dark Flash,Philippus
Dark Flash,Polka-Dot Man
Dark Flash,Queen Atlanna
Dark Flash,Queen Hippolyta
Dark Flash,Ratcatcher
Dark Flash,Rick Flag
Dark Flash,Sabbac
Dark Flash,Savant
Dark Flash,Shazam
Dark Flash,Slipknot
Dark Flash,Sol Soria
Dark Flash,Starro
Dark Flash,Steppenwolf
Dark Flash,Supergirl
Dark Flash,Superman
Dark Flash,T.D.K.
Dark Flash,The Flash
Dark Flash,Vigilante
Dark Flash,White Dragon
Dark Flash,Wonder Woman
Dark Flash,Wrath
Dark Flash,Zeus
Darkseid,Deadshot
Darkseid,Doctor Fate
Darkseid,Doctor Sivana
Darkseid,Doomsday
Darkseid,El Diablo
Darkseid,Enchantress
Darkseid,Envy
Darkseid,Faora
Darkseid,Freddy Freeman
Darkseid,General Zod
Darkseid,Gluttony
Darkseid,Green Lantern
Darkseid,Harley Quinn
Darkseid,Hawkman
Darkseid,Hespera
Darkseid,Huntress
Darkseid,Incubus
Darkseid,Joker
Darkseid,Jor-El
Darkseid,Judomaster
Darkseid,Karathen
Darkseid,Katana
Darkseid,Killer Croc
Darkseid,King Nereus
Darkseid,King Shark
Darkseid,Lex Luthor
Darkseid,Lust
Darkseid,Mera
Darkseid,Mister Zsasz
Darkseid,Nam-Ek
Darkseid,Nuidis Vulko
Darkseid,Ocean Master
Darkseid,Parademon
Darkseid,Peacemaker
Darkseid,Penthesileia
Darkseid,Philippus
Darkseid,Polka-Dot Man
Darkseid,Queen Atlanna
Darkseid,Queen Hippolyta
Darkseid,Ratcatcher
Darkseid,Rick Flag
Darkseid,Sabbac
Darkseid,Savant
Darkseid,Shazam
Darkseid,Slipknot
Darkseid,Sol Soria
Darkseid,Starro
Darkseid,Steppenwolf
Darkseid,Supergirl
Darkseid,Superman
Darkseid,T.D.K.
Darkseid,The Flash
Darkseid,Vigilante
Darkseid,White Dragon
Darkseid,Wonder Woman
Darkseid,Wrath
Darkseid,Zeus
Deadshot,Doctor Fate
Deadshot,Doctor Sivana
Deadshot,Doomsday
Deadshot,El Diablo
Deadshot,Enchantress
Deadshot,Envy
Deadshot,Faora
Deadshot,Freddy Freeman
Deadshot,General Zod
Deadshot,Gluttony
Deadshot,Green Lantern
Deadshot,Harley Quinn
Deadshot,Hawkman
Deadshot,Hespera
Deadshot,Huntress
Deadshot,Incubus
Deadshot,Joker
Deadshot,Jor-El
Deadshot,Judomaster
Deadshot,Karathen
Deadshot,Katana
Deadshot,Killer Croc
Deadshot,King Nereus
Deadshot,King Shark
Deadshot,Lex Luthor
Deadshot,Lust
Deadshot,Mera
Deadshot,Mister Zsasz
Deadshot,Nam-Ek
Deadshot,Nuidis Vulko
Deadshot,Ocean Master
Deadshot,Parademon
Deadshot,Peacemaker
Deadshot,Penthesileia
Deadshot,Philippus
Deadshot,Polka-Dot Man
Deadshot,Queen Atlanna
Deadshot,Queen Hippolyta
Deadshot,Ratcatcher
Deadshot,Rick Flag
Deadshot,Sabbac
Deadshot,Savant
Deadshot,Shazam
Deadshot,Slipknot
Deadshot,Sol Soria
Deadshot,Starro
Deadshot,Steppenwolf
Deadshot,Supergirl
Deadshot,Superman
Deadshot,T.D.K.
Deadshot,The Flash
Deadshot,Vigilante
Deadshot,White Dragon
Deadshot,Wonder Woman
Deadshot,Wrath
Deadshot,Zeus
Doctor Fate,Doctor Sivana
Doctor Fate,Doomsday
Doctor Fate,El Diablo
Doctor Fate,Enchantress
Doctor Fate,Envy
Doctor Fate,Faora
Doctor Fate,Freddy Freeman
Doctor Fate,General Zod
Doctor Fate,Gluttony
Doctor Fate,Green Lantern
Doctor Fate,Harley Quinn
Doctor Fate,Hawkman
Doctor Fate,Hespera
Doctor Fate,Huntress
Doctor Fate,Incubus
Doctor Fate,Joker
Doctor Fate,Jor-El
Doctor Fate,Judomaster
Doctor Fate,Karathen
Doctor Fate,Katana
Doctor Fate,Killer Croc
Doctor Fate,King Nereus
Doctor Fate,King Shark
Doctor Fate,Lex Luthor
Doctor Fate,Lust
Doctor Fate,Mera
Doctor Fate,Mister Zsasz
Doctor Fate,Nam-Ek
Doctor Fate,Nuidis Vulko
Doctor Fate,Ocean Master
Doctor Fate,Parademon
Doctor Fate,Peacemaker
Doctor Fate,Penthesileia
Doctor Fate,Philippus
Doctor Fate,Polka-Dot Man
Doctor Fate,Queen Atlanna
Doctor Fate,Queen Hippolyta
Doctor Fate,Ratcatcher
Doctor Fate,Rick Flag
Doctor Fate,Sabbac
Doctor Fate,Savant
Doctor Fate,Shazam
Doctor Fate,Slipknot
Doctor Fate,Sol Soria
Doctor Fate,Starro
Doctor Fate,Steppenwolf
Doctor Fate,Supergirl
Doctor Fate,Superman
Doctor Fate,T.D.K.
Doctor Fate,The Flash
Doctor Fate,Vigilante
Doctor Fate,White Dragon
Doctor Fate,Wonder Woman
Doctor Fate,Wrath
Doctor Fate,Zeus
Doctor Sivana,Doomsday
Doctor Sivana,El Diablo
Doctor Sivana,Enchantress
Doctor Sivana,Envy
Doctor Sivana,Faora
Doctor Sivana,Freddy Freeman
Doctor Sivana,General Zod
Doctor Sivana,Gluttony
Doctor Sivana,Green Lantern
Doctor Sivana,Harley Quinn
Doctor Sivana,Hawkman
Doctor Sivana,Hespera
Doctor Sivana,Huntress
Doctor Sivana,Incubus
Doctor Sivana,Joker
Doctor Sivana,Jor-El
Doctor Sivana,Judomaster
Doctor Sivana,Karathen
Doctor Sivana,Katana
Doctor Sivana,Killer Croc
Doctor Sivana,King Nereus
Doctor Sivana,King Shark
Doctor Sivana,Lex Luthor
Doctor Sivana,Lust
Doctor Sivana,Mera
Doctor Sivana,Mister Zsasz
Doctor Sivana,Nam-Ek
Doctor Sivana,Nuidis Vulko
Doctor Sivana,Ocean Master
Doctor Sivana,Parademon
Doctor Sivana,Peacemaker
Doctor Sivana,Penthesileia
Doctor Sivana,Philippus
Doctor Sivana,Polka-Dot Man
Doctor Sivana,Queen Atlanna
Doctor Sivana,Queen Hippolyta
Doctor Sivana,Ratcatcher
Doctor Sivana,Rick Flag
Doctor Sivana,Sabbac
Doctor Sivana,Savant
Doctor Sivana,Shazam
Doctor Sivana,Slipknot
Doctor Sivana,Sol Soria
Doctor Sivana,Starro
Doctor Sivana,Steppenwolf
Doctor Sivana,Supergirl
Doctor Sivana,Superman
Doctor Sivana,T.D.K.
Doctor Sivana,The Flash
Doctor Sivana,Vigilante
Doctor Sivana,White Dragon
Doctor Sivana,Wonder Woman
Doctor Sivana,Wrath
Doctor Sivana,Zeus
Doomsday,El Diablo
Doomsday,Enchantress
Doomsday,Envy
Doomsday,Faora
Doomsday,Freddy Freeman
Doomsday,General Zod
Doomsday,Gluttony
Doomsday,Green Lantern
Doomsday,Harley Quinn
Doomsday,Hawkman
Doomsday,Hespera
Doomsday,Huntress
Doomsday,Incubus
Doomsday,Joker
Doomsday,Jor-El
Doomsday,Judomaster
Doomsday,Karathen
Doomsday,Katana
Doomsday,Killer Croc
Doomsday,King Nereus
Doomsday,King Shark
Doomsday,Lex Luthor
Doomsday,Lust
Doomsday,Mera
Doomsday,Mister Zsasz
Doomsday,Nam-Ek
Doomsday,Nuidis Vulko
Doomsday,Ocean Master
Doomsday,Parademon
Doomsday,Peacemaker
Doomsday,Penthesileia
Doomsday,Philippus
Doomsday,Polka-Dot Man
Doomsday,Queen Atlanna
Doomsday,Queen Hippolyta
Doomsday,Ratcatcher
Doomsday,Rick Flag
Doomsday,Sabbac
Doomsday,Savant
Doomsday,Shazam
Doomsday,Slipknot
Doomsday,Sol Soria
Doomsday,Starro
Doomsday,Steppenwolf
Doomsday,Supergirl
Doomsday,Superman
Doomsday,T.D.K.
Doomsday,The Flash
Doomsday,Vigilante
Doomsday,White Dragon
Doomsday,Wonder Woman
Doomsday,Wrath
Doomsday,Zeus
El Diablo,Enchantress
El Diablo,Envy
El Diablo,Faora
El Diablo,Freddy Freeman
El Diablo,General Zod
El Diablo,Gluttony
El Diablo,Green Lantern
El Diablo,Harley Quinn
El Diablo,Hawkman
El Diablo,Hespera
El Diablo,Huntress
El Diablo,Incubus
El Diablo,Joker
El Diablo,Jor-El
El Diablo,Judomaster
El Diablo,Karathen
El Diablo,Katana
El Diablo,Killer Croc
El Diablo,King Nereus
El Diablo,King Shark
El Diablo,Lex Luthor
El Diablo,Lust
El Diablo,Mera
El Diablo,Mister Zsasz
El Diablo,Nam-Ek
El Diablo,Nuidis Vulko
El Diablo,Ocean Master
El Diablo,Parademon
El Diablo,Peacemaker
El Diablo,Penthesileia
El Diablo,Philippus
El Diablo,Polka-Dot Man
El Diablo,Queen Atlanna
El Diablo,Queen Hippolyta
El Diablo,Ratcatcher
El Diablo,Rick Flag
El Diablo,Sabbac
El Diablo,Savant
El Diablo,Shazam
El Diablo,Slipknot
El Diablo,Sol Soria
El Diablo,Starro
El Diablo,Steppenwolf
El Diablo,Supergirl
El Diablo,Superman
El Diablo,T.D.K.
El Diablo,The Flash
El Diablo,Vigilante
El Diablo,White Dragon
El Diablo,Wonder Woman
El Diablo,Wrath
El Diablo,Zeus
Enchantress,Envy
Enchantress,Faora
Enchantress,Freddy Freeman
Enchantress,General Zod
Enchantress,Gluttony
Enchantress,Green Lantern
Enchantress,Harley Quinn
Enchantress,Hawkman
Enchantress,Hespera
Enchantress,Huntress
Enchantress,Incubus
Enchantress,Joker
Enchantress,Jor-El
Enchantress,Judomaster
Enchantress,Karathen
Enchantress,Katana
Enchantress,Killer Croc
Enchantress,King Nereus
Enchantress,King Shark
Enchantress,Lex Luthor
Enchantress,Lust
Enchantress,Mera
Enchantress,Mister Zsasz
Enchantress,Nam-Ek
Enchantress,Nuidis Vulko
Enchantress,Ocean Master
Enchantress,Parademon
Enchantress,Peacemaker
Enchantress,Penthesileia
Enchantress,Philippus
Enchantress,Polka-Dot Man
Enchantress,Queen Atlanna
Enchantress,Queen Hippolyta
Enchantress,Ratcatcher
Enchantress,Rick Flag
Enchantress,Sabbac
Enchantress,Savant
Enchantress,Shazam
Enchantress,Slipknot
Enchantress,Sol Soria
Enchantress,Starro
Enchantress,Steppenwolf
Enchantress,Supergirl
Enchantress,Superman
Enchantress,T.D.K.
Enchantress,The Flash
Enchantress,Vigilante
Enchantress,White Dragon
Enchantress,Wonder Woman
Enchantress,Wrath
Enchantress,Zeus
Envy,Faora
Envy,Freddy Freeman
Envy,General Zod
Envy,Gluttony
Envy,Green Lantern
Envy,Harley Quinn
Envy,Hawkman
Envy,Hespera
Envy,Huntress
Envy,Incubus
Envy,Joker
Envy,Jor-El
Envy,Judomaster
Envy,Karathen
Envy,Katana
Envy,Killer Croc
Envy,King Nereus
Envy,King Shark
Envy,Lex Luthor
Envy,Lust
Envy,Mera
Envy,Mister Zsasz
Envy,Nam-Ek
Envy,Nuidis Vulko
Envy,Ocean Master
Envy,Parademon
Envy,Peacemaker
Envy,Penthesileia
Envy,Philippus
Envy,Polka-Dot Man
Envy,Queen Atlanna
Envy,Queen Hippolyta
Envy,Ratcatcher
Envy,Rick Flag
Envy,Sabbac
Envy,Savant
Envy,Shazam
Envy,Slipknot
Envy,Sol Soria
Envy,Starro
Envy,Steppenwolf
Envy,Supergirl
Envy,Superman
Envy,T.D.K.
Envy,The Flash
Envy,Vigilante
Envy,White Dragon
Envy,Wonder Woman
Envy,Wrath
Envy,Zeus
Faora,Freddy Freeman
Faora,General Zod
Faora,Gluttony
Faora,Green Lantern
Faora,Harley Quinn
Faora,Hawkman
Faora,Hespera
Faora,Huntress
Faora,Incubus
Faora,Joker
Faora,Jor-El
Faora,Judomaster
Faora,Karathen
Faora,Katana
Faora,Killer Croc
Faora,King Nereus
Faora,King Shark
Faora,Lex Luthor
Faora,Lust
Faora,Mera
Faora,Mister Zsasz
Faora,Nam-Ek
Faora,Nuidis Vulko
Faora,Ocean Master
Faora,Parademon
Faora,Peacemaker
Faora,Penthesileia
Faora,Philippus
Faora,Polka-Dot Man
Faora,Queen Atlanna
Faora,Queen Hippolyta
Faora,Ratcatcher
Faora,Rick Flag
Faora,Sabbac
Faora,Savant
Faora,Shazam
Faora,Slipknot
Faora,Sol Soria
Faora,Starro
Faora,Steppenwolf
Faora,Supergirl
Faora,Superman
Faora,T.D.K.
Faora,The Flash
Faora,Vigilante
Faora,White Dragon
Faora,Wonder Woman
Faora,Wrath
Faora,Zeus
Freddy Freeman,General Zod
Freddy Freeman,Gluttony
Freddy Freeman,Green Lantern
Freddy Freeman,Harley Quinn
Freddy Freeman,Hawkman
Freddy Freeman,Hespera
Freddy Freeman,Huntress
Freddy Freeman,Incubus
Freddy Freeman,Joker
Freddy Freeman,Jor-El
Freddy Freeman,Judomaster
Freddy Freeman,Karathen
Freddy Freeman,Katana
Freddy Freeman,Killer Croc
Freddy Freeman,King Nereus
Freddy Freeman,King Shark
Freddy Freeman,Lex Luthor
Freddy Freeman,Lust
Freddy Freeman,Mera
Freddy Freeman,Mister Zsasz
Freddy Freeman,Nam-Ek
Freddy Freeman,Nuidis Vulko
Freddy Freeman,Ocean Master
Freddy Freeman,Parademon
Freddy Freeman,Peacemaker
Freddy Freeman,Penthesileia
Freddy Freeman,Philippus
Freddy Freeman,Polka-Dot Man
Freddy Freeman,Queen Atlanna
Freddy Freeman,Queen Hippolyta
Freddy Freeman,Ratcatcher
Freddy Freeman,Rick Flag
Freddy Freeman,Sabbac
Freddy Freeman,Savant
Freddy Freeman,Shazam
Freddy Freeman,Slipknot
Freddy Freeman,Sol Soria
Freddy Freeman,Starro
Freddy Freeman,Steppenwolf
Freddy Freeman,Supergirl
Freddy Freeman,Superman
Freddy Freeman,T.D.K.
Freddy Freeman,The Flash
Freddy Freeman,Vigilante
Freddy Freeman,White Dragon
Freddy Freeman,Wonder Woman
Freddy Freeman,Wrath
Freddy Freeman,Zeus
General Zod,Gluttony
General Zod,Green Lantern
General Zod,Harley Quinn
General Zod,Hawkman
General Zod,Hespera
General Zod,Huntress
General Zod,Incubus
General Zod,Joker
General Zod,Jor-El
General Zod,Judomaster
General Zod,Karathen
General Zod,Katana
General Zod,Killer Croc
General Zod,King Nereus
General Zod,King Shark
General Zod,Lex Luthor
General Zod,Lust
General Zod,Mera
General Zod,Mister Zsasz
General Zod,Nam-Ek
General Zod,Nuidis Vulko
General Zod,Ocean Master
General Zod,Parademon
General Zod,Peacemaker
General Zod,Penthesileia
General Zod,Philippus
General Zod,Polka-Dot Man
General Zod,Queen Atlanna
General Zod,Queen Hippolyta
General Zod,Ratcatcher
General Zod,Rick Flag
General Zod,Sabbac
General Zod,Savant
General Zod,Shazam
General Zod,Slipknot
General Zod,Sol Soria
General Zod,Starro
General Zod,Steppenwolf
General Zod,Supergirl
General Zod,Superman
General Zod,T.D.K.
General Zod,The Flash
General Zod,Vigilante
General Zod,White Dragon
General Zod,Wonder Woman
General Zod,Wrath
General Zod,Zeus
Gluttony,Green Lantern
Gluttony,Harley Quinn
Gluttony,Hawkman
Gluttony,Hespera
Gluttony,Huntress
Gluttony,Incubus
Gluttony,Joker
Gluttony,Jor-El
Gluttony,Judomaster
Gluttony,Karathen
Gluttony,Katana
Gluttony,Killer Croc
Gluttony,King Nereus
Gluttony,King Shark
Gluttony,Lex Luthor
Gluttony,Lust
Gluttony,Mera
Gluttony,Mister Zsasz
Gluttony,Nam-Ek
Gluttony,Nuidis Vulko
Gluttony,Ocean Master
Gluttony,Parademon
Gluttony,Peacemaker
Gluttony,Penthesileia
Gluttony,Philippus
Gluttony,Polka-Dot Man
Gluttony,Queen Atlanna
Gluttony,Queen Hippolyta
Gluttony,Ratcatcher
Gluttony,Rick Flag
Gluttony,Sabbac
Gluttony,Savant
Gluttony,Shazam
Gluttony,Slipknot
Gluttony,Sol Soria
Gluttony,Starro
Gluttony,Steppenwolf
Gluttony,Supergirl
Gluttony,Superman
Gluttony,T.D.K.
Gluttony,The Flash
Gluttony,Vigilante
Gluttony,White Dragon
Gluttony,Wonder Woman
Gluttony,Wrath
Gluttony,Zeus
Green Lantern,Harley Quinn
Green Lantern,Hawkman
Green Lantern,Hespera
Green Lantern,Huntress
Green Lantern,Incubus
Green Lantern,Joker
Green Lantern,Jor-El
Green Lantern,Judomaster
Green Lantern,Karathen
Green Lantern,Katana
Green Lantern,Killer Croc
Green Lantern,King Nereus
Green Lantern,King Shark
Green Lantern,Lex Luthor
Green Lantern,Lust
Green Lantern,Mera
Green Lantern,Mister Zsasz
Green Lantern,Nam-Ek
Green Lantern,Nuidis Vulko
Green Lantern,Ocean Master
Green Lantern,Parademon
Green Lantern,Peacemaker
Green Lantern,Penthesileia
Green Lantern,Philippus
Green Lantern,Polka-Dot Man
Green Lantern,Queen Atlanna
Green Lantern,Queen Hippolyta
Green Lantern,Ratcatcher
Green Lantern,Rick Flag
Green Lantern,Sabbac
Green Lantern,Savant
Green Lantern,Shazam
Green Lantern,Slipknot
Green Lantern,Sol Soria
Green Lantern,Starro
Green Lantern,Steppenwolf
Green Lantern,Supergirl
Green Lantern,Superman
Green Lantern,T.D.K.
Green Lantern,The Flash
Green Lantern,Vigilante
Green Lantern,White Dragon
Green Lantern,Wonder Woman
Green Lantern,Wrath
Green Lantern,Zeus
Harley Quinn,Hawkman
Harley Quinn,Hespera
Harley Quinn,Huntress
Harley Quinn,Incubus
Harley Quinn,Joker
Harley Quinn,Jor-El
Harley Quinn,Judomaster
Harley Quinn,Karathen
Harley Quinn,Katana
Harley Quinn,Killer Croc
Harley Quinn,King Nereus
Harley Quinn,King Shark
Harley Quinn,Lex Luthor
Harley Quinn,Lust
Harley Quinn,Mera
Harley Quinn,Mister Zsasz
Harley Quinn,Nam-Ek
Harley Quinn,Nuidis Vulko
Harley Quinn,Ocean Master
Harley Quinn,Parademon
Harley Quinn,Peacemaker
Harley Quinn,Penthesileia
Harley Quinn,Philippus
Harley Quinn,Polka-Dot Man
Harley Quinn,Queen Atlanna
Harley Quinn,Queen Hippolyta
Harley Quinn,Ratcatcher
Harley Quinn,Rick Flag
Harley Quinn,Sabbac
Harley Quinn,Savant
Harley Quinn,Shazam
Harley Quinn,Slipknot
Harley Quinn,Sol Soria
Harley Quinn,Starro
Harley Quinn,Steppenwolf
Harley Quinn,Supergirl
Harley Quinn,Superman
Harley Quinn,T.D.K.
Harley Quinn,The Flash
Harley Quinn,Vigilante
Harley Quinn,White Dragon
Harley Quinn,Wonder Woman
Harley Quinn,Wrath
Harley Quinn,Zeus
Hawkman,Hespera
Hawkman,Huntress
Hawkman,Incubus
Hawkman,Joker
Hawkman,Jor-El
Hawkman,Judomaster
Hawkman,Karathen
Hawkman,Katana
Hawkman,Killer Croc
Hawkman,King Nereus
Hawkman,King Shark
Hawkman,Lex Luthor
Hawkman,Lust
Hawkman,Mera
Hawkman,Mister Zsasz
Hawkman,Nam-Ek
Hawkman,Nuidis Vulko
Hawkman,Ocean Master
Hawkman,Parademon
Hawkman,Peacemaker
Hawkman,Penthesileia
Hawkman,Philippus
Hawkman,Polka-Dot Man
Hawkman,Queen Atlanna
Hawkman,Queen Hippolyta
Hawkman,Ratcatcher
Hawkman,Rick Flag
Hawkman,Sabbac
Hawkman,Savant
Hawkman,Shazam
Hawkman,Slipknot
Hawkman,Sol Soria
Hawkman,Starro
Hawkman,Steppenwolf
Hawkman,Supergirl
Hawkman,Superman
Hawkman,T.D.K.
Hawkman,The Flash
Hawkman,Vigilante
Hawkman,White Dragon
Hawkman,Wonder Woman
Hawkman,Wrath
Hawkman,Zeus
Hespera,Huntress
Hespera,Incubus
Hespera,Joker
Hespera,Jor-El
Hespera,Judomaster
Hespera,Karathen
Hespera,Katana
Hespera,Killer Croc
Hespera,King Nereus
Hespera,King Shark
Hespera,Lex Luthor
Hespera,Lust
Hespera,Mera
Hespera,Mister Zsasz
Hespera,Nam-Ek
Hespera,Nuidis Vulko
Hespera,Ocean Master
Hespera,Parademon
Hespera,Peacemaker
Hespera,Penthesileia
Hespera,Philippus
Hespera,Polka-Dot Man
Hespera,Queen Atlanna
Hespera,Queen Hippolyta
Hespera,Ratcatcher
Hespera,Rick Flag
Hespera,Sabbac
Hespera,Savant
Hespera,Shazam
Hespera,Slipknot
Hespera,Sol Soria
Hespera,Starro
Hespera,Steppenwolf
Hespera,Supergirl
Hespera,Superman
Hespera,T.D.K.
Hespera,The Flash
Hespera,Vigilante
Hespera,White Dragon
Hespera,Wonder Woman
Hespera,Wrath
Hespera,Zeus
Huntress,Incubus
Huntress,Joker
Huntress,Jor-El
Huntress,Judomaster
Huntress,Karathen
Huntress,Katana
Huntress,Killer Croc
Huntress,King Nereus
Huntress,King Shark
Huntress,Lex Luthor
Huntress,Lust
Huntress,Mera
Huntress,Mister Zsasz
Huntress,Nam-Ek
Huntress,Nuidis Vulko
Huntress,Ocean Master
Huntress,Parademon
Huntress,Peacemaker
Huntress,Penthesileia
Huntress,Philippus
Huntress,Polka-Dot Man
Huntress,Queen Atlanna
Huntress,Queen Hippolyta
Huntress,Ratcatcher
Huntress,Rick Flag
Huntress,Sabbac
Huntress,Savant
Huntress,Shazam
Huntress,Slipknot
Huntress,Sol Soria
Huntress,Starro
Huntress,Steppenwolf
Huntress,Supergirl
Huntress,Superman
Huntress,T.D.K.
Huntress,The Flash
Huntress,Vigilante
Huntress,White Dragon
Huntress,Wonder Woman
Huntress,Wrath
Huntress,Zeus
Incubus,Joker
Incubus,Jor-El
Incubus,Judomaster
Incubus,Karathen
Incubus,Katana
Incubus,Killer Croc
Incubus,King Nereus
Incubus,King Shark
Incubus,Lex Luthor
Incubus,Lust
Incubus,Mera
Incubus,Mister Zsasz
Incubus,Nam-Ek
Incubus,Nuidis Vulko
Incubus,Ocean Master
Incubus,Parademon
Incubus,Peacemaker
Incubus,Penthesileia
Incubus,Philippus
Incubus,Polka-Dot Man
Incubus,Queen Atlanna
Incubus,Queen Hippolyta
Incubus,Ratcatcher
Incubus,Rick Flag
Incubus,Sabbac
Incubus,Savant
Incubus,Shazam
Incubus,Slipknot
Incubus,Sol Soria
Incubus,Starro
Incubus,Steppenwolf
Incubus,Supergirl
Incubus,Superman
Incubus,T.D.K.
Incubus,The Flash
Incubus,Vigilante
Incubus,White Dragon
Incubus,Wonder Woman
Incubus,Wrath
Incubus,Zeus
Joker,Jor-El
Joker,Judomaster
Joker,Karathen
Joker,Katana
Joker,Killer Croc
Joker,King Nereus
Joker,King Shark
Joker,Lex Luthor
Joker,Lust
Joker,Mera
Joker,Mister Zsasz
Joker,Nam-Ek
Joker,Nuidis Vulko
Joker,Ocean Master
Joker,Parademon
Joker,Peacemaker
Joker,Penthesileia
Joker,Philippus
Joker,Polka-Dot Man
Joker,Queen Atlanna
Joker,Queen Hippolyta
Joker,Ratcatcher
Joker,Rick Flag
Joker,Sabbac
Joker,Savant
Joker,Shazam
Joker,Slipknot
Joker,Sol Soria
Joker,Starro
Joker,Steppenwolf
Joker,Supergirl
Joker,Superman
Joker,T.D.K.
Joker,The Flash
Joker,Vigilante
Joker,White Dragon
Joker,Wonder Woman
Joker,Wrath
Joker,Zeus
Jor-El,Judomaster
Jor-El,Karathen
Jor-El,Katana
Jor-El,Killer Croc
Jor-El,King Nereus
Jor-El,King Shark
Jor-El,Lex Luthor
Jor-El,Lust
Jor-El,Mera
Jor-El,Mister Zsasz
Jor-El,Nam-Ek
Jor-El,Nuidis Vulko
Jor-El,Ocean Master
Jor-El,Parademon
Jor-El,Peacemaker
Jor-El,Penthesileia
Jor-El,Philippus
Jor-El,Polka-Dot Man
Jor-El,Queen Atlanna
Jor-El,Queen Hippolyta
Jor-El,Ratcatcher
Jor-El,Rick Flag
Jor-El,Sabbac
Jor-El,Savant
Jor-El,Shazam
Jor-El,Slipknot
Jor-El,Sol Soria
Jor-El,Starro
Jor-El,Steppenwolf
Jor-El,Supergirl
Jor-El,Superman
Jor-El,T.D.K.
Jor-El,The Flash
Jor-El,Vigilante
Jor-El,White Dragon
Jor-El,Wonder Woman
Jor-El,Wrath
Jor-El,Zeus
Judomaster,Karathen
Judomaster,Katana
Judomaster,Killer Croc
Judomaster,King Nereus
Judomaster,King Shark
Judomaster,Lex Luthor
Judomaster,Lust
Judomaster,Mera
Judomaster,Mister Zsasz
Judomaster,Nam-Ek
Judomaster,Nuidis Vulko
Judomaster,Ocean Master
Judomaster,Parademon
Judomaster,Peacemaker
Judomaster,Penthesileia
Judomaster,Philippus
Judomaster,Polka-Dot Man
Judomaster,Queen Atlanna
Judomaster,Queen Hippolyta
Judomaster,Ratcatcher
Judomaster,Rick Flag
Judomaster,Sabbac
Judomaster,Savant
Judomaster,Shazam
Judomaster,Slipknot
Judomaster,Sol Soria
Judomaster,Starro
Judomaster,Steppenwolf
Judomaster,Supergirl
Judomaster,Superman
Judomaster,T.D.K.
Judomaster,The Flash
Judomaster,Vigilante
Judomaster,White Dragon
Judomaster,Wonder Woman
Judomaster,Wrath
Judomaster,Zeus
Karathen,Katana
Karathen,Killer Croc
Karathen,King Nereus
Karathen,King Shark
Karathen,Lex Luthor
Karathen,Lust
Karathen,Mera
Karathen,Mister Zsasz
Karathen,Nam-Ek
Karathen,Nuidis Vulko
Karathen,Ocean Master
Karathen,Parademon
Karathen,Peacemaker
Karathen,Penthesileia
Karathen,Philippus
Karathen,Polka-Dot Man
Karathen,Queen Atlanna
Karathen,Queen Hippolyta
Karathen,Ratcatcher
Karathen,Rick Flag
Karathen,Sabbac
Karathen,Savant
Karathen,Shazam
Karathen,Slipknot
Karathen,Sol Soria
Karathen,Starro
Karathen,Steppenwolf
Karathen,Supergirl
Karathen,Superman
Karathen,T.D.K.
Karathen,The Flash
Karathen,Vigilante
Karathen,White Dragon
Karathen,Wonder Woman
Karathen,Wrath
Karathen,Zeus
Katana,Killer Croc
Katana,King Nereus
Katana,King Shark
Katana,Lex Luthor
Katana,Lust
Katana,Mera
Katana,Mister Zsasz
Katana,Nam-Ek
Katana,Nuidis Vulko
Katana,Ocean Master
Katana,Parademon
Katana,Peacemaker
Katana,Penthesileia
Katana,Philippus
Katana,Polka-Dot Man
Katana,Queen Atlanna
Katana,Queen Hippolyta
Katana,Ratcatcher
Katana,Rick Flag
Katana,Sabbac
Katana,Savant
Katana,Shazam
Katana,Slipknot
Katana,Sol Soria
Katana,Starro
Katana,Steppenwolf
Katana,Supergirl
Katana,Superman
Katana,T.D.K.
Katana,The Flash
Katana,Vigilante
Katana,White Dragon
Katana,Wonder Woman
Katana,Wrath
Katana,Zeus
Killer Croc,King Nereus
Killer Croc,King Shark
Killer Croc,Lex Luthor
Killer Croc,Lust
Killer Croc,Mera
Killer Croc,Mister Zsasz
Killer Croc,Nam-Ek
Killer Croc,Nuidis Vulko
Killer Croc,Ocean Master
Killer Croc,Parademon
Killer Croc,Peacemaker
Killer Croc,Penthesileia
Killer Croc,Philippus
Killer Croc,Polka-Dot Man
Killer Croc,Queen Atlanna
Killer Croc,Queen Hippolyta
Killer Croc,Ratcatcher
Killer Croc,Rick Flag
Killer Croc,Sabbac
Killer Croc,Savant
Killer Croc,Shazam
Killer Croc,Slipknot
Killer Croc,Sol Soria
Killer Croc,Starro
Killer Croc,Steppenwolf
Killer Croc,Supergirl
Killer Croc,Superman
Killer Croc,T.D.K.
Killer Croc,The Flash
Killer Croc,Vigilante
Killer Croc,White Dragon
Killer Croc,Wonder Woman
Killer Croc,Wrath
Killer Croc,Zeus
King Nereus,King Shark
King Nereus,Lex Luthor
King Nereus,Lust
King Nereus,Mera
King Nereus,Mister Zsasz
King Nereus,Nam-Ek
King Nereus,Nuidis Vulko
King Nereus,Ocean Master
King Nereus,Parademon
King Nereus,Peacemaker
King Nereus,Penthesileia
King Nereus,Philippus
King Nereus,Polka-Dot Man
King Nereus,Queen Atlanna
King Nereus,Queen Hippolyta
King Nereus,Ratcatcher
King Nereus,Rick Flag
King Nereus,Sabbac
King Nereus,Savant
King Nereus,Shazam
King Nereus,Slipknot
King Nereus,Sol Soria
King Nereus,Starro
King Nereus,Steppenwolf
King Nereus,Supergirl
King Nereus,Superman
King Nereus,T.D.K.
King Nereus,The Flash
King Nereus,Vigilante
King Nereus,White Dragon
King Nereus,Wonder Woman
King Nereus,Wrath
King Nereus,Zeus
King Shark,Lex Luthor
King Shark,Lust
King Shark,Mera
King Shark,Mister Zsasz
King Shark,Nam-Ek
King Shark,Nuidis Vulko
King Shark,Ocean Master
King Shark,Parademon
King Shark,Peacemaker
King Shark,Penthesileia
King Shark,Philippus
King Shark,Polka-Dot Man
King Shark,Queen Atlanna
King Shark,Queen Hippolyta
King Shark,Ratcatcher
King Shark,Rick Flag
King Shark,Sabbac
King Shark,Savant
King Shark,Shazam
King Shark,Slipknot
King Shark,Sol Soria
King Shark,Starro
King Shark,Steppenwolf
King Shark,Supergirl
King Shark,Superman
King Shark,T.D.K.
King Shark,The Flash
King Shark,Vigilante
King Shark,White Dragon
King Shark,Wonder Woman
King Shark,Wrath
King Shark,Zeus
Lex Luthor,Lust
Lex Luthor,Mera
Lex Luthor,Mister Zsasz
Lex Luthor,Nam-Ek
Lex Luthor,Nuidis Vulko
Lex Luthor,Ocean Master
Lex Luthor,Parademon
Lex Luthor,Peacemaker
Lex Luthor,Penthesileia
Lex Luthor,Philippus
Lex Luthor,Polka-Dot Man
Lex Luthor,Queen Atlanna
Lex Luthor,Queen Hippolyta
Lex Luthor,Ratcatcher
Lex Luthor,Rick Flag
Lex Luthor,Sabbac
Lex Luthor,Savant
Lex Luthor,Shazam
Lex Luthor,Slipknot
Lex Luthor,Sol Soria
Lex Luthor,Starro
Lex Luthor,Steppenwolf
Lex Luthor,Supergirl
Lex Luthor,Superman
Lex Luthor,T.D.K.
Lex Luthor,The Flash
Lex Luthor,Vigilante
Lex Luthor,White Dragon
Lex Luthor,Wonder Woman
Lex Luthor,Wrath
Lex Luthor,Zeus
Lust,Mera
Lust,Mister Zsasz
Lust,Nam-Ek
Lust,Nuidis Vulko
Lust,Ocean Master
Lust,Parademon
Lust,Peacemaker
Lust,Penthesileia
Lust,Philippus
Lust,Polka-Dot Man
Lust,Queen Atlanna
Lust,Queen Hippolyta
Lust,Ratcatcher
Lust,Rick Flag
Lust,Sabbac
Lust,Savant
Lust,Shazam
Lust,Slipknot
Lust,Sol Soria
Lust,Starro
Lust,Steppenwolf
Lust,Supergirl
Lust,Superman
Lust,T.D.K.
Lust,The Flash
Lust,Vigilante
Lust,White Dragon
Lust,Wonder Woman
Lust,Wrath
Lust,Zeus
Mera,Mister Zsasz
Mera,Nam-Ek
Mera,Nuidis Vulko
Mera,Ocean Master
Mera,Parademon
Mera,Peacemaker
Mera,Penthesileia
Mera,Philippus
Mera,Polka-Dot Man
Mera,Queen Atlanna
Mera,Queen Hippolyta
Mera,Ratcatcher
Mera,Rick Flag
Mera,Sabbac
Mera,Savant
Mera,Shazam
Mera,Slipknot
Mera,Sol Soria
Mera,Starro
Mera,Steppenwolf
Mera,Supergirl
Mera,Superman
Mera,T.D.K.
Mera,The Flash
Mera,Vigilante
Mera,White Dragon
Mera,Wonder Woman
Mera,Wrath
Mera,Zeus
Mister Zsasz,Nam-Ek
Mister Zsasz,Nuidis Vulko
Mister Zsasz,Ocean Master
Mister Zsasz,Parademon
Mister Zsasz,Peacemaker
Mister Zsasz,Penthesileia
Mister Zsasz,Philippus
Mister Zsasz,Polka-Dot Man
Mister Zsasz,Queen Atlanna
Mister Zsasz,Queen Hippolyta
Mister Zsasz,Ratcatcher
Mister Zsasz,Rick Flag
Mister Zsasz,Sabbac
Mister Zsasz,Savant
Mister Zsasz,Shazam
Mister Zsasz,Slipknot
Mister Zsasz,Sol Soria
Mister Zsasz,Starro
Mister Zsasz,Steppenwolf
Mister Zsasz,Supergirl
Mister Zsasz,Superman
Mister Zsasz,T.D.K.
Mister Zsasz,The Flash
Mister Zsasz,Vigilante
Mister Zsasz,White Dragon
Mister Zsasz,Wonder Woman
Mister Zsasz,Wrath
Mister Zsasz,Zeus
Nam-Ek,Nuidis Vulko
Nam-Ek,Ocean Master
Nam-Ek,Parademon
Nam-Ek,Peacemaker
Nam-Ek,Penthesileia
Nam-Ek,Philippus
Nam-Ek,Polka-Dot Man
Nam-Ek,Queen Atlanna
Nam-Ek,Queen Hippolyta
Nam-Ek,Ratcatcher
Nam-Ek,Rick Flag
Nam-Ek,Sabbac
Nam-Ek,Savant
Nam-Ek,Shazam
Nam-Ek,Slipknot
Nam-Ek,Sol Soria
Nam-Ek,Starro
Nam-Ek,Steppenwolf
Nam-Ek,Supergirl
Nam-Ek,Superman
Nam-Ek,T.D.K.
Nam-Ek,The Flash
Nam-Ek,Vigilante
Nam-Ek,White Dragon
Nam-Ek,Wonder Woman
Nam-Ek,Wrath
Nam-Ek,Zeus
Nuidis Vulko,Ocean Master
Nuidis Vulko,Parademon
Nuidis Vulko,Peacemaker
Nuidis Vulko,Penthesileia
Nuidis Vulko,Philippus
Nuidis Vulko,Polka-Dot Man
Nuidis Vulko,Queen Atlanna
Nuidis Vulko,Queen Hippolyta
Nuidis Vulko,Ratcatcher
Nuidis Vulko,Rick Flag
Nuidis Vulko,Sabbac
Nuidis Vulko,Savant
Nuidis Vulko,Shazam
Nuidis Vulko,Slipknot
Nuidis Vulko,Sol Soria
Nuidis Vulko,Starro
Nuidis Vulko,Steppenwolf
Nuidis Vulko,Supergirl
Nuidis Vulko,Superman
Nuidis Vulko,T.D.K.
Nuidis Vulko,The Flash
Nuidis Vulko,Vigilante
Nuidis Vulko,White Dragon
Nuidis Vulko,Wonder Woman
Nuidis Vulko,Wrath
Nuidis Vulko,Zeus
Ocean Master,Parademon
Ocean Master,Peacemaker
Ocean Master,Penthesileia
Ocean Master,Philippus
Ocean Master,Polka-Dot Man
Ocean Master,Queen Atlanna
Ocean Master,Queen Hippolyta
Ocean Master,Ratcatcher
Ocean Master,Rick Flag
Ocean Master,Sabbac
Ocean Master,Savant
Ocean Master,Shazam
Ocean Master,Slipknot
Ocean Master,Sol Soria
Ocean Master,Starro
Ocean Master,Steppenwolf
Ocean Master,Supergirl
Ocean Master,Superman
Ocean Master,T.D.K.
Ocean Master,The Flash
Ocean Master,Vigilante
Ocean Master,White Dragon
Ocean Master,Wonder Woman
Ocean Master,Wrath
Ocean Master,Zeus
Parademon,Peacemaker
Parademon,Penthesileia
Parademon,Philippus
Parademon,Polka-Dot Man
Parademon,Queen Atlanna
Parademon,Queen Hippolyta
Parademon,Ratcatcher
Parademon,Rick Flag
Parademon,Sabbac
Parademon,Savant
Parademon,Shazam
Parademon,Slipknot
Parademon,Sol Soria
Parademon,Starro
Parademon,Steppenwolf
Parademon,Supergirl
Parademon,Superman
Parademon,T.D.K.
Parademon,The Flash
Parademon,Vigilante
Parademon,White Dragon
Parademon,Wonder Woman
Parademon,Wrath
Parademon,Zeus
Peacemaker,Penthesileia
Peacemaker,Philippus
Peacemaker,Polka-Dot Man
Peacemaker,Queen Atlanna
Peacemaker,Queen Hippolyta
Peacemaker,Ratcatcher
Peacemaker,Rick Flag
Peacemaker,Sabbac
Peacemaker,Savant
Peacemaker,Shazam
Peacemaker,Slipknot
Peacemaker,Sol Soria
Peacemaker,Starro
Peacemaker,Steppenwolf
Peacemaker,Supergirl
Peacemaker,Superman
Peacemaker,T.D.K.
Peacemaker,The Flash
Peacemaker,Vigilante
Peacemaker,White Dragon
Peacemaker,Wonder Woman
Peacemaker,Wrath
Peacemaker,Zeus
Penthesileia,Philippus
Penthesileia,Polka-Dot Man
Penthesileia,Queen Atlanna
Penthesileia,Queen Hippolyta
Penthesileia,Ratcatcher
Penthesileia,Rick Flag
Penthesileia,Sabbac
Penthesileia,Savant
Penthesileia,Shazam
Penthesileia,Slipknot
Penthesileia,Sol Soria
Penthesileia,Starro
Penthesileia,Steppenwolf
Penthesileia,Supergirl
Penthesileia,Superman
Penthesileia,T.D.K.
Penthesileia,The Flash
Penthesileia,Vigilante
Penthesileia,White Dragon
Penthesileia,Wonder Woman
Penthesileia,Wrath
Penthesileia,Zeus
Philippus,Polka-Dot Man
Philippus,Queen Atlanna
Philippus,Queen Hippolyta
Philippus,Ratcatcher
Philippus,Rick Flag
Philippus,Sabbac
Philippus,Savant
Philippus,Shazam
Philippus,Slipknot
Philippus,Sol Soria
Philippus,Starro
Philippus,Steppenwolf
Philippus,Supergirl
Philippus,Superman
Philippus,T.D.K.
Philippus,The Flash
Philippus,Vigilante
Philippus,White Dragon
Philippus,Wonder Woman
Philippus,Wrath
Philippus,Zeus
Polka-Dot Man,Queen Atlanna
Polka-Dot Man,Queen Hippolyta
Polka-Dot Man,Ratcatcher
Polka-Dot Man,Rick Flag
Polka-Dot Man,Sabbac
Polka-Dot Man,Savant
Polka-Dot Man,Shazam
Polka-Dot Man,Slipknot
Polka-Dot Man,Sol Soria
Polka-Dot Man,Starro
Polka-Dot Man,Steppenwolf
Polka-Dot Man,Supergirl
Polka-Dot Man,Superman
Polka-Dot Man,T.D.K.
Polka-Dot Man,The Flash
Polka-Dot Man,Vigilante
Polka-Dot Man,White Dragon
Polka-Dot Man,Wonder Woman
Polka-Dot Man,Wrath
Polka-Dot Man,Zeus
Queen Atlanna,Queen Hippolyta
Queen Atlanna,Ratcatcher
Queen Atlanna,Rick Flag
Queen Atlanna,Sabbac
Queen Atlanna,Savant
Queen Atlanna,Shazam
Queen Atlanna,Slipknot
Queen Atlanna,Sol Soria
Queen Atlanna,Starro
Queen Atlanna,Steppenwolf
Queen Atlanna,Supergirl
Queen Atlanna,Superman
Queen Atlanna,T.D.K.
Queen Atlanna,The Flash
Queen Atlanna,Vigilante
Queen Atlanna,White Dragon
Queen Atlanna,Wonder Woman
Queen Atlanna,Wrath
Queen Atlanna,Zeus
Queen Hippolyta,Ratcatcher
Queen Hippolyta,Rick Flag
Queen Hippolyta,Sabbac
Queen Hippolyta,Savant
Queen Hippolyta,Shazam
Queen Hippolyta,Slipknot
Queen Hippolyta,Sol Soria
Queen Hippolyta,Starro
Queen Hippolyta,Steppenwolf
Queen Hippolyta,Supergirl
Queen Hippolyta,Superman
Queen Hippolyta,T.D.K.
Queen Hippolyta,The Flash
Queen Hippolyta,Vigilante
Queen Hippolyta,White Dragon
Queen Hippolyta,Wonder Woman
Queen Hippolyta,Wrath
Queen Hippolyta,Zeus
Ratcatcher,Rick Flag
Ratcatcher,Sabbac
Ratcatcher,Savant
Ratcatcher,Shazam
Ratcatcher,Slipknot
Ratcatcher,Sol Soria
Ratcatcher,Starro
Ratcatcher,Steppenwolf
Ratcatcher,Supergirl
Ratcatcher,Superman
Ratcatcher,T.D.K.
Ratcatcher,The Flash
Ratcatcher,Vigilante
Ratcatcher,White Dragon
Ratcatcher,Wonder Woman
Ratcatcher,Wrath
Ratcatcher,Zeus
Rick Flag,Sabbac
Rick Flag,Savant
Rick Flag,Shazam
Rick Flag,Slipknot
Rick Flag,Sol Soria
Rick Flag,Starro
Rick Flag,Steppenwolf
Rick Flag,Supergirl
Rick Flag,Superman
Rick Flag,T.D.K.
Rick Flag,The Flash
Rick Flag,Vigilante
Rick Flag,White Dragon
Rick Flag,Wonder Woman
Rick Flag,Wrath
Rick Flag,Zeus
Sabbac,Savant
Sabbac,Shazam
Sabbac,Slipknot
Sabbac,Sol Soria
Sabbac,Starro
Sabbac,Steppenwolf
Sabbac,Supergirl
Sabbac,Superman
Sabbac,T.D.K.
Sabbac,The Flash
Sabbac,Vigilante
Sabbac,White Dragon
Sabbac,Wonder Woman
Sabbac,Wrath
Sabbac,Zeus
Savant,Shazam
Savant,Slipknot
Savant,Sol Soria
Savant,Starro
Savant,Steppenwolf
Savant,Supergirl
Savant,Superman
Savant,T.D.K.
Savant,The Flash
Savant,Vigilante
Savant,White Dragon
Savant,Wonder Woman
Savant,Wrath
Savant,Zeus
Shazam,Slipknot
Shazam,Sol Soria
Shazam,Starro
Shazam,Steppenwolf
Shazam,Supergirl
Shazam,Superman
Shazam,T.D.K.
Shazam,The Flash
Shazam,Vigilante
Shazam,White Dragon
Shazam,Wonder Woman
Shazam,Wrath
Shazam,Zeus
Slipknot,Sol Soria
Slipknot,Starro
Slipknot,Steppenwolf
Slipknot,Supergirl
Slipknot,Superman
Slipknot,T.D.K.
Slipknot,The Flash
Slipknot,Vigilante
Slipknot,White Dragon
Slipknot,Wonder Woman
Slipknot,Wrath
Slipknot,Zeus
Sol Soria,Starro
Sol Soria,Steppenwolf
Sol Soria,Supergirl
Sol Soria,Superman
Sol Soria,T.D.K.
Sol Soria,The Flash
Sol Soria,Vigilante
Sol Soria,White Dragon
Sol Soria,Wonder Woman
Sol Soria,Wrath
Sol Soria,Zeus
Starro,Steppenwolf
Starro,Supergirl
Starro,Superman
Starro,T.D.K.
Starro,The Flash
Starro,Vigilante
Starro,White Dragon
Starro,Wonder Woman
Starro,Wrath
Starro,Zeus
Steppenwolf,Supergirl
Steppenwolf,Superman
Steppenwolf,T.D.K.
Steppenwolf,The Flash
Steppenwolf,Vigilante
Steppenwolf,White Dragon
Steppenwolf,Wonder Woman
Steppenwolf,Wrath
Steppenwolf,Zeus
Supergirl,Superman
Supergirl,T.D.K.
Supergirl,The Flash
Supergirl,Vigilante
Supergirl,White Dragon
Supergirl,Wonder Woman
Supergirl,Wrath
Supergirl,Zeus
Superman,T.D.K.
Superman,The Flash
Superman,Vigilante
Superman,White Dragon
Superman,Wonder Woman
Superman,Wrath
Superman,Zeus
T.D.K.,The Flash
T.D.K.,Vigilante
T.D.K.,White Dragon
T.D.K.,Wonder Woman
T.D.K.,Wrath
T.D.K.,Zeus
The Flash,Vigilante
The Flash,White Dragon
The Flash,Wonder Woman
The Flash,Wrath
The Flash,Zeus
Vigilante,White Dragon
Vigilante,Wonder Woman
Vigilante,Wrath
Vigilante,Zeus
White Dragon,Wonder Woman
White Dragon,Wrath
White Dragon,Zeus
Wonder Woman,Wrath
Wonder Woman,Zeus
Wrath,Zeus
