Heroe_1,Heroe_2,Resultado_x,Resultado_y,Resultado
Aquaman,Ares,2,2.0,2.0
Aquaman,Atom Smasher,1,1.0,1.0
Aquaman,Batman,1,1.0,2.0
Aquaman,Black Adam,2,2.0,2.0
Aquaman,Black Canary,1,1.0,1.0
Aquaman,Black Manta,1,,
Aquaman,Black Mask,1,,
Aquaman,Bloodsport,1,,
Aquaman,Captain Boomerang,1,,
Aquaman,Cassandra Cain,1,,
Aquaman,Cheetah,1,,
Aquaman,Cyborg,1,,
Aquaman,Cyclone,1,,
Aquaman,Dark Flash,2,,
Aquaman,Darkseid,2,,
Aquaman,Deadshot,1,,
Aquaman,Doctor Fate,2,,
Aquaman,Doctor Sivana,2,,
Aquaman,Doomsday,2,,
Aquaman,El Diablo,1,,
Aquaman,Enchantress,2,,
Aquaman,Envy,2,,
Aquaman,Faora,2,,
Aquaman,Freddy Freeman,1,,
Aquaman,General Zod,2,,
Aquaman,Gluttony,2,,
Aquaman,Green Lantern,2,,
Aquaman,Harley Quinn,1,,
Aquaman,Hawkman,1,,
Aquaman,Hespera,1,,
Aquaman,Huntress,1,,
Aquaman,Incubus,1,,
Aquaman,Joker,1,,
Aquaman,Jor-El,1,,
Aquaman,Judomaster,1,,
Aquaman,Karathen,2,,
Aquaman,Katana,1,,
Aquaman,Killer Croc,1,,
Aquaman,King Nereus,1,,
Aquaman,King Shark,1,,
Aquaman,Lex Luthor,1,,
Aquaman,Lust,2,,
Aquaman,Mera,1,,
Aquaman,Mister Zsasz,1,,
Aquaman,Nam-Ek,2,,
Aquaman,Nuidis Vulko,1,,
Aquaman,Ocean Master,2,,
Aquaman,Parademon,1,,
Aquaman,Peacemaker,1,,
Aquaman,Penthesileia,2,,
Aquaman,Philippus,2,,
Aquaman,Polka-Dot Man,1,,
Aquaman,Queen Atlanna,1,,
Aquaman,Queen Hippolyta,2,,
Aquaman,Ratcatcher,1,,
Aquaman,Rick Flag,1,,
Aquaman,Sabbac,2,,
Aquaman,Savant,1,,
Aquaman,Shazam,2,,
Aquaman,Slipknot,1,,
Aquaman,Sol Soria,1,,
Aquaman,Starro,1,,
Aquaman,Steppenwolf,2,,
Aquaman,Supergirl,2,,
Aquaman,Superman,2,,
Aquaman,T.D.K.,1,,
Aquaman,The Flash,2,,
Aquaman,Vigilante,1,,
Aquaman,White Dragon,1,,
Aquaman,Wonder Woman,2,,
Aquaman,Wrath,2,,
Aquaman,Zeus,2,,
Ares,Atom Smasher,1,,
Ares,Batman,1,,
Ares,Black Adam,1,,
Ares,Black Canary,1,,
Ares,Black Manta,1,,
Ares,Black Mask,1,,
Ares,Bloodsport,1,,
Ares,Captain Boomerang,1,,
Ares,Cassandra Cain,1,,
Ares,Cheetah,1,,
Ares,Cyborg,1,,
Ares,Cyclone,1,,
Ares,Dark Flash,1,,
Ares,Darkseid,2,,
Ares,Deadshot,1,,
Ares,Doctor Fate,1,,
Ares,Doctor Sivana,1,,
Ares,Doomsday,1,,
Ares,El Diablo,1,,
Ares,Enchantress,1,,
Ares,Envy,1,,
Ares,Faora,1,,
Ares,Freddy Freeman,1,,
Ares,General Zod,1,,
Ares,Gluttony,1,,
Ares,Green Lantern,1,,
Ares,Harley Quinn,1,,
Ares,Hawkman,1,,
Ares,Hespera,1,,
Ares,Huntress,1,,
Ares,Incubus,1,,
Ares,Joker,1,,
Ares,Jor-El,1,,
Ares,Judomaster,1,,
Ares,Karathen,1,,
Ares,Katana,1,,
Ares,Killer Croc,1,,
Ares,King Nereus,1,,
Ares,King Shark,1,,
Ares,Lex Luthor,1,,
Ares,Lust,1,,
Ares,Mera,1,,
Ares,Mister Zsasz,1,,
Ares,Nam-Ek,1,,
Ares,Nuidis Vulko,1,,
Ares,Ocean Master,1,,
Ares,Parademon,1,,
Ares,Peacemaker,1,,
Ares,Penthesileia,1,,
Ares,Philippus,1,,
Ares,Polka-Dot Man,1,,
Ares,Queen Atlanna,1,,
Ares,Queen Hippolyta,1,,
Ares,Ratcatcher,1,,
Ares,Rick Flag,1,,
Ares,Sabbac,1,,
Ares,Savant,1,,
Ares,Shazam,1,,
Ares,Slipknot,1,,
Ares,Sol Soria,1,,
Ares,Starro,1,,
Ares,Steppenwolf,1,,
Ares,Supergirl,1,,
Ares,Superman,1,,
Ares,T.D.K.,1,,
Ares,The Flash,1,,
Ares,Vigilante,1,,
Ares,White Dragon,1,,
Ares,Wonder Woman,0,,
Ares,Wrath,1,,
Ares,Zeus,1,,
Atom Smasher,Batman,2,,
Atom Smasher,Black Adam,2,,
Atom Smasher,Black Canary,1,,
Atom Smasher,Black Manta,2,,
Atom Smasher,Black Mask,1,,
Atom Smasher,Bloodsport,1,,
Atom Smasher,Captain Boomerang,1,,
Atom Smasher,Cassandra Cain,1,,
Atom Smasher,Cheetah,2,,
Atom Smasher,Cyborg,2,,
Atom Smasher,Cyclone,2,,
Atom Smasher,Dark Flash,2,,
Atom Smasher,Darkseid,2,,
Atom Smasher,Deadshot,1,,
Atom Smasher,Doctor Fate,2,,
Atom Smasher,Doctor Sivana,2,,
Atom Smasher,Doomsday,2,,
Atom Smasher,El Diablo,1,,
Atom Smasher,Enchantress,2,,
Atom Smasher,Envy,2,,
Atom Smasher,Faora,2,,
Atom Smasher,Freddy Freeman,1,,
Atom Smasher,General Zod,2,,
Atom Smasher,Gluttony,2,,
Atom Smasher,Green Lantern,2,,
Atom Smasher,Harley Quinn,1,,
Atom Smasher,Hawkman,2,,
Atom Smasher,Hespera,1,,
Atom Smasher,Huntress,1,,
Atom Smasher,Incubus,2,,
Atom Smasher,Joker,1,,
Atom Smasher,Jor-El,1,,
Atom Smasher,Judomaster,1,,
Atom Smasher,Karathen,2,,
Atom Smasher,Katana,1,,
Atom Smasher,Killer Croc,1,,
Atom Smasher,King Nereus,2,,
Atom Smasher,King Shark,2,,
Atom Smasher,Lex Luthor,1,,
Atom Smasher,Lust,2,,
Atom Smasher,Mera,2,,
Atom Smasher,Mister Zsasz,1,,
Atom Smasher,Nam-Ek,2,,
Atom Smasher,Nuidis Vulko,2,,
Atom Smasher,Ocean Master,2,,
Atom Smasher,Parademon,1,,
Atom Smasher,Peacemaker,1,,
Atom Smasher,Penthesileia,2,,
Atom Smasher,Philippus,2,,
Atom Smasher,Polka-Dot Man,1,,
Atom Smasher,Queen Atlanna,2,,
Atom Smasher,Queen Hippolyta,2,,
Atom Smasher,Ratcatcher,1,,
Atom Smasher,Rick Flag,1,,
Atom Smasher,Sabbac,2,,
Atom Smasher,Savant,1,,
Atom Smasher,Shazam,2,,
Atom Smasher,Slipknot,1,,
Atom Smasher,Sol Soria,1,,
Atom Smasher,Starro,2,,
Atom Smasher,Steppenwolf,2,,
Atom Smasher,Supergirl,2,,
Atom Smasher,Superman,2,,
Atom Smasher,T.D.K.,1,,
Atom Smasher,The Flash,2,,
Atom Smasher,Vigilante,1,,
Atom Smasher,White Dragon,1,,
Atom Smasher,Wonder Woman,2,,
Atom Smasher,Wrath,2,,
Atom Smasher,Zeus,2,,
Batman,Black Adam,2,,
Batman,Black Canary,1,,
Batman,Black Manta,2,,
Batman,Black Mask,1,,
Batman,Bloodsport,1,,
Batman,Captain Boomerang,1,,
Batman,Cassandra Cain,1,,
Batman,Cheetah,0,,
Batman,Cyborg,2,,
Batman,Cyclone,1,,
Batman,Dark Flash,2,,
Batman,Darkseid,2,,
Batman,Deadshot,1,,
Batman,Doctor Fate,2,,
Batman,Doctor Sivana,2,,
Batman,Doomsday,2,,
Batman,El Diablo,1,,
Batman,Enchantress,2,,
Batman,Envy,2,,
Batman,Faora,2,,
Batman,Freddy Freeman,1,,
Batman,General Zod,2,,
Batman,Gluttony,2,,
Batman,Green Lantern,2,,
Batman,Harley Quinn,1,,
Batman,Hawkman,2,,
Batman,Hespera,1,,
Batman,Huntress,1,,
Batman,Incubus,1,,
Batman,Joker,1,,
Batman,Jor-El,1,,
Batman,Judomaster,1,,
Batman,Karathen,2,,
Batman,Katana,1,,
Batman,Killer Croc,1,,
Batman,King Nereus,2,,
Batman,King Shark,1,,
Batman,Lex Luthor,1,,
Batman,Lust,2,,
Batman,Mera,2,,
Batman,Mister Zsasz,1,,
Batman,Nam-Ek,2,,
Batman,Nuidis Vulko,2,,
Batman,Ocean Master,2,,
Batman,Parademon,1,,
Batman,Peacemaker,1,,
Batman,Penthesileia,2,,
Batman,Philippus,2,,
Batman,Polka-Dot Man,1,,
Batman,Queen Atlanna,2,,
Batman,Queen Hippolyta,2,,
Batman,Ratcatcher,1,,
Batman,Rick Flag,1,,
Batman,Sabbac,2,,
Batman,Savant,1,,
Batman,Shazam,2,,
Batman,Slipknot,1,,
Batman,Sol Soria,1,,
Batman,Starro,2,,
Batman,Steppenwolf,2,,
Batman,Supergirl,2,,
Batman,Superman,2,,
Batman,T.D.K.,1,,
Batman,The Flash,2,,
Batman,Vigilante,1,,
Batman,White Dragon,1,,
Batman,Wonder Woman,2,,
Batman,Wrath,2,,
Batman,Zeus,2,,
Black Adam,Black Canary,1,,
Black Adam,Black Manta,1,,
Black Adam,Black Mask,1,,
Black Adam,Bloodsport,1,,
Black Adam,Captain Boomerang,1,,
Black Adam,Cassandra Cain,1,,
Black Adam,Cheetah,1,,
Black Adam,Cyborg,1,,
Black Adam,Cyclone,1,,
Black Adam,Dark Flash,1,,
Black Adam,Darkseid,2,,
Black Adam,Deadshot,1,,
Black Adam,Doctor Fate,1,,
Black Adam,Doctor Sivana,1,,
Black Adam,Doomsday,1,,
Black Adam,El Diablo,1,,
Black Adam,Enchantress,1,,
Black Adam,Envy,1,,
Black Adam,Faora,1,,
Black Adam,Freddy Freeman,1,,
Black Adam,General Zod,1,,
Black Adam,Gluttony,1,,
Black Adam,Green Lantern,1,,
Black Adam,Harley Quinn,1,,
Black Adam,Hawkman,1,,
Black Adam,Hespera,1,,
Black Adam,Huntress,1,,
Black Adam,Incubus,1,,
Black Adam,Joker,1,,
Black Adam,Jor-El,1,,
Black Adam,Judomaster,1,,
Black Adam,Karathen,1,,
Black Adam,Katana,1,,
Black Adam,Killer Croc,1,,
Black Adam,King Nereus,1,,
Black Adam,King Shark,1,,
Black Adam,Lex Luthor,1,,
Black Adam,Lust,1,,
Black Adam,Mera,1,,
Black Adam,Mister Zsasz,1,,
Black Adam,Nam-Ek,1,,
Black Adam,Nuidis Vulko,1,,
Black Adam,Ocean Master,1,,
Black Adam,Parademon,1,,
Black Adam,Peacemaker,1,,
Black Adam,Penthesileia,1,,
Black Adam,Philippus,1,,
Black Adam,Polka-Dot Man,1,,
Black Adam,Queen Atlanna,1,,
Black Adam,Queen Hippolyta,1,,
Black Adam,Ratcatcher,1,,
Black Adam,Rick Flag,1,,
Black Adam,Sabbac,1,,
Black Adam,Savant,1,,
Black Adam,Shazam,1,,
Black Adam,Slipknot,1,,
Black Adam,Sol Soria,1,,
Black Adam,Starro,1,,
Black Adam,Steppenwolf,1,,
Black Adam,Supergirl,1,,
Black Adam,Superman,2,,
Black Adam,T.D.K.,1,,
Black Adam,The Flash,1,,
Black Adam,Vigilante,1,,
Black Adam,White Dragon,1,,
Black Adam,Wonder Woman,2,,
Black Adam,Wrath,1,,
Black Adam,Zeus,0,,
Black Canary,Black Manta,2,,
Black Canary,Black Mask,1,,
Black Canary,Bloodsport,2,,
Black Canary,Captain Boomerang,1,,
Black Canary,Cassandra Cain,1,,
Black Canary,Cheetah,2,,
Black Canary,Cyborg,2,,
Black Canary,Cyclone,2,,
Black Canary,Dark Flash,2,,
Black Canary,Darkseid,2,,
Black Canary,Deadshot,1,,
Black Canary,Doctor Fate,2,,
Black Canary,Doctor Sivana,2,,
Black Canary,Doomsday,2,,
Black Canary,El Diablo,2,,
Black Canary,Enchantress,2,,
Black Canary,Envy,2,,
Black Canary,Faora,2,,
Black Canary,Freddy Freeman,1,,
Black Canary,General Zod,2,,
Black Canary,Gluttony,2,,
Black Canary,Green Lantern,2,,
Black Canary,Harley Quinn,2,,
Black Canary,Hawkman,2,,
Black Canary,Hespera,1,,
Black Canary,Huntress,1,,
Black Canary,Incubus,2,,
Black Canary,Joker,1,,
Black Canary,Jor-El,2,,
Black Canary,Judomaster,2,,
Black Canary,Karathen,2,,
Black Canary,Katana,2,,
Black Canary,Killer Croc,2,,
Black Canary,King Nereus,2,,
Black Canary,King Shark,2,,
Black Canary,Lex Luthor,1,,
Black Canary,Lust,2,,
Black Canary,Mera,2,,
Black Canary,Mister Zsasz,1,,
Black Canary,Nam-Ek,2,,
Black Canary,Nuidis Vulko,2,,
Black Canary,Ocean Master,2,,
Black Canary,Parademon,2,,
Black Canary,Peacemaker,2,,
Black Canary,Penthesileia,2,,
Black Canary,Philippus,2,,
Black Canary,Polka-Dot Man,2,,
Black Canary,Queen Atlanna,2,,
Black Canary,Queen Hippolyta,2,,
Black Canary,Ratcatcher,1,,
Black Canary,Rick Flag,2,,
Black Canary,Sabbac,2,,
Black Canary,Savant,1,,
Black Canary,Shazam,2,,
Black Canary,Slipknot,1,,
Black Canary,Sol Soria,1,,
Black Canary,Starro,2,,
Black Canary,Steppenwolf,2,,
Black Canary,Supergirl,2,,
Black Canary,Superman,2,,
Black Canary,T.D.K.,1,,
Black Canary,The Flash,2,,
Black Canary,Vigilante,2,,
Black Canary,White Dragon,2,,
Black Canary,Wonder Woman,2,,
Black Canary,Wrath,2,,
Black Canary,Zeus,2,,
Black Manta,Black Mask,1,,
Black Manta,Bloodsport,1,,
Black Manta,Captain Boomerang,1,,
Black Manta,Cassandra Cain,1,,
Black Manta,Cheetah,1,,
Black Manta,Cyborg,2,,
Black Manta,Cyclone,1,,
Black Manta,Dark Flash,2,,
Black Manta,Darkseid,2,,
Black Manta,Deadshot,1,,
Black Manta,Doctor Fate,2,,
Black Manta,Doctor Sivana,2,,
Black Manta,Doomsday,2,,
Black Manta,El Diablo,1,,
Black Manta,Enchantress,2,,
Black Manta,Envy,2,,
Black Manta,Faora,2,,
Black Manta,Freddy Freeman,1,,
Black Manta,General Zod,2,,
Black Manta,Gluttony,2,,
Black Manta,Green Lantern,2,,
Black Manta,Harley Quinn,1,,
Black Manta,Hawkman,2,,
Black Manta,Hespera,1,,
Black Manta,Huntress,1,,
Black Manta,Incubus,1,,
Black Manta,Joker,1,,
Black Manta,Jor-El,1,,
Black Manta,Judomaster,1,,
Black Manta,Karathen,2,,
Black Manta,Katana,1,,
Black Manta,Killer Croc,1,,
Black Manta,King Nereus,2,,
Black Manta,King Shark,1,,
Black Manta,Lex Luthor,1,,
Black Manta,Lust,2,,
Black Manta,Mera,2,,
Black Manta,Mister Zsasz,1,,
Black Manta,Nam-Ek,2,,
Black Manta,Nuidis Vulko,2,,
Black Manta,Ocean Master,2,,
Black Manta,Parademon,1,,
Black Manta,Peacemaker,1,,
Black Manta,Penthesileia,2,,
Black Manta,Philippus,2,,
Black Manta,Polka-Dot Man,1,,
Black Manta,Queen Atlanna,2,,
Black Manta,Queen Hippolyta,2,,
Black Manta,Ratcatcher,1,,
Black Manta,Rick Flag,1,,
Black Manta,Sabbac,2,,
Black Manta,Savant,1,,
Black Manta,Shazam,2,,
Black Manta,Slipknot,1,,
Black Manta,Sol Soria,1,,
Black Manta,Starro,2,,
Black Manta,Steppenwolf,2,,
Black Manta,Supergirl,2,,
Black Manta,Superman,2,,
Black Manta,T.D.K.,1,,
Black Manta,The Flash,2,,
Black Manta,Vigilante,1,,
Black Manta,White Dragon,1,,
Black Manta,Wonder Woman,2,,
Black Manta,Wrath,2,,
Black Manta,Zeus,2,,
Black Mask,Bloodsport,2,,
Black Mask,Captain Boomerang,2,,
Black Mask,Cassandra Cain,1,,
Black Mask,Cheetah,2,,
Black Mask,Cyborg,2,,
Black Mask,Cyclone,2,,
Black Mask,Dark Flash,2,,
Black Mask,Darkseid,2,,
Black Mask,Deadshot,2,,
Black Mask,Doctor Fate,2,,
Black Mask,Doctor Sivana,2,,
Black Mask,Doomsday,2,,
Black Mask,El Diablo,2,,
Black Mask,Enchantress,2,,
Black Mask,Envy,2,,
Black Mask,Faora,2,,
Black Mask,Freddy Freeman,1,,
Black Mask,General Zod,2,,
Black Mask,Gluttony,2,,
Black Mask,Green Lantern,2,,
Black Mask,Harley Quinn,2,,
Black Mask,Hawkman,2,,
Black Mask,Hespera,1,,
Black Mask,Huntress,2,,
Black Mask,Incubus,2,,
Black Mask,Joker,2,,
Black Mask,Jor-El,2,,
Black Mask,Judomaster,2,,
Black Mask,Karathen,2,,
Black Mask,Katana,2,,
Black Mask,Killer Croc,2,,
Black Mask,King Nereus,2,,
Black Mask,King Shark,2,,
Black Mask,Lex Luthor,1,,
Black Mask,Lust,2,,
Black Mask,Mera,2,,
Black Mask,Mister Zsasz,1,,
Black Mask,Nam-Ek,2,,
Black Mask,Nuidis Vulko,2,,
Black Mask,Ocean Master,2,,
Black Mask,Parademon,2,,
Black Mask,Peacemaker,2,,
Black Mask,Penthesileia,2,,
Black Mask,Philippus,2,,
Black Mask,Polka-Dot Man,2,,
Black Mask,Queen Atlanna,2,,
Black Mask,Queen Hippolyta,2,,
Black Mask,Ratcatcher,0,,
Black Mask,Rick Flag,2,,
Black Mask,Sabbac,2,,
Black Mask,Savant,2,,
Black Mask,Shazam,2,,
Black Mask,Slipknot,1,,
Black Mask,Sol Soria,0,,
Black Mask,Starro,2,,
Black Mask,Steppenwolf,2,,
Black Mask,Supergirl,2,,
Black Mask,Superman,2,,
Black Mask,T.D.K.,2,,
Black Mask,The Flash,2,,
Black Mask,Vigilante,2,,
Black Mask,White Dragon,2,,
Black Mask,Wonder Woman,2,,
Black Mask,Wrath,2,,
Black Mask,Zeus,2,,
Bloodsport,Captain Boomerang,1,,
Bloodsport,Cassandra Cain,1,,
Bloodsport,Cheetah,2,,
Bloodsport,Cyborg,2,,
Bloodsport,Cyclone,2,,
Bloodsport,Dark Flash,2,,
Bloodsport,Darkseid,2,,
Bloodsport,Deadshot,1,,
Bloodsport,Doctor Fate,2,,
Bloodsport,Doctor Sivana,2,,
Bloodsport,Doomsday,2,,
Bloodsport,El Diablo,1,,
Bloodsport,Enchantress,2,,
Bloodsport,Envy,2,,
Bloodsport,Faora,2,,
Bloodsport,Freddy Freeman,1,,
Bloodsport,General Zod,2,,
Bloodsport,Gluttony,2,,
Bloodsport,Green Lantern,2,,
Bloodsport,Harley Quinn,1,,
Bloodsport,Hawkman,2,,
Bloodsport,Hespera,1,,
Bloodsport,Huntress,1,,
Bloodsport,Incubus,2,,
Bloodsport,Joker,1,,
Bloodsport,Jor-El,1,,
Bloodsport,Judomaster,1,,
Bloodsport,Karathen,2,,
Bloodsport,Katana,1,,
Bloodsport,Killer Croc,1,,
Bloodsport,King Nereus,2,,
Bloodsport,King Shark,2,,
Bloodsport,Lex Luthor,1,,
Bloodsport,Lust,2,,
Bloodsport,Mera,2,,
Bloodsport,Mister Zsasz,1,,
Bloodsport,Nam-Ek,2,,
Bloodsport,Nuidis Vulko,2,,
Bloodsport,Ocean Master,2,,
Bloodsport,Parademon,1,,
Bloodsport,Peacemaker,1,,
Bloodsport,Penthesileia,2,,
Bloodsport,Philippus,2,,
Bloodsport,Polka-Dot Man,1,,
Bloodsport,Queen Atlanna,2,,
Bloodsport,Queen Hippolyta,2,,
Bloodsport,Ratcatcher,1,,
Bloodsport,Rick Flag,1,,
Bloodsport,Sabbac,2,,
Bloodsport,Savant,1,,
Bloodsport,Shazam,2,,
Bloodsport,Slipknot,1,,
Bloodsport,Sol Soria,1,,
Bloodsport,Starro,2,,
Bloodsport,Steppenwolf,2,,
Bloodsport,Supergirl,2,,
Bloodsport,Superman,2,,
Bloodsport,T.D.K.,1,,
Bloodsport,The Flash,2,,
Bloodsport,Vigilante,1,,
Bloodsport,White Dragon,1,,
Bloodsport,Wonder Woman,2,,
Bloodsport,Wrath,2,,
Bloodsport,Zeus,2,,
Captain Boomerang,Cassandra Cain,1,,
Captain Boomerang,Cheetah,2,,
Captain Boomerang,Cyborg,2,,
Captain Boomerang,Cyclone,2,,
Captain Boomerang,Dark Flash,2,,
Captain Boomerang,Darkseid,2,,
Captain Boomerang,Deadshot,2,,
Captain Boomerang,Doctor Fate,2,,
Captain Boomerang,Doctor Sivana,2,,
Captain Boomerang,Doomsday,2,,
Captain Boomerang,El Diablo,2,,
Captain Boomerang,Enchantress,2,,
Captain Boomerang,Envy,2,,
Captain Boomerang,Faora,2,,
Captain Boomerang,Freddy Freeman,1,,
Captain Boomerang,General Zod,2,,
Captain Boomerang,Gluttony,2,,
Captain Boomerang,Green Lantern,2,,
Captain Boomerang,Harley Quinn,2,,
Captain Boomerang,Hawkman,2,,
Captain Boomerang,Hespera,1,,
Captain Boomerang,Huntress,2,,
Captain Boomerang,Incubus,2,,
Captain Boomerang,Joker,2,,
Captain Boomerang,Jor-El,2,,
Captain Boomerang,Judomaster,2,,
Captain Boomerang,Karathen,2,,
Captain Boomerang,Katana,2,,
Captain Boomerang,Killer Croc,2,,
Captain Boomerang,King Nereus,2,,
Captain Boomerang,King Shark,2,,
Captain Boomerang,Lex Luthor,1,,
Captain Boomerang,Lust,2,,
Captain Boomerang,Mera,2,,
Captain Boomerang,Mister Zsasz,1,,
Captain Boomerang,Nam-Ek,2,,
Captain Boomerang,Nuidis Vulko,2,,
Captain Boomerang,Ocean Master,2,,
Captain Boomerang,Parademon,2,,
Captain Boomerang,Peacemaker,2,,
Captain Boomerang,Penthesileia,2,,
Captain Boomerang,Philippus,2,,
Captain Boomerang,Polka-Dot Man,2,,
Captain Boomerang,Queen Atlanna,2,,
Captain Boomerang,Queen Hippolyta,2,,
Captain Boomerang,Ratcatcher,1,,
Captain Boomerang,Rick Flag,2,,
Captain Boomerang,Sabbac,2,,
Captain Boomerang,Savant,2,,
Captain Boomerang,Shazam,2,,
Captain Boomerang,Slipknot,1,,
Captain Boomerang,Sol Soria,1,,
Captain Boomerang,Starro,2,,
Captain Boomerang,Steppenwolf,2,,
Captain Boomerang,Supergirl,2,,
Captain Boomerang,Superman,2,,
Captain Boomerang,T.D.K.,2,,
Captain Boomerang,The Flash,2,,
Captain Boomerang,Vigilante,2,,
Captain Boomerang,White Dragon,2,,
Captain Boomerang,Wonder Woman,2,,
Captain Boomerang,Wrath,2,,
Captain Boomerang,Zeus,2,,
Cassandra Cain,Cheetah,2,,
Cassandra Cain,Cyborg,2,,
Cassandra Cain,Cyclone,2,,
Cassandra Cain,Dark Flash,2,,
Cassandra Cain,Darkseid,2,,
Cassandra Cain,Deadshot,2,,
Cassandra Cain,Doctor Fate,2,,
Cassandra Cain,Doctor Sivana,2,,
Cassandra Cain,Doomsday,2,,
Cassandra Cain,El Diablo,2,,
Cassandra Cain,Enchantress,2,,
Cassandra Cain,Envy,2,,
Cassandra Cain,Faora,2,,
Cassandra Cain,Freddy Freeman,1,,
Cassandra Cain,General Zod,2,,
Cassandra Cain,Gluttony,2,,
Cassandra Cain,Green Lantern,2,,
Cassandra Cain,Harley Quinn,2,,
Cassandra Cain,Hawkman,2,,
Cassandra Cain,Hespera,1,,
Cassandra Cain,Huntress,2,,
Cassandra Cain,Incubus,2,,
Cassandra Cain,Joker,2,,
Cassandra Cain,Jor-El,2,,
Cassandra Cain,Judomaster,2,,
Cassandra Cain,Karathen,2,,
Cassandra Cain,Katana,2,,
Cassandra Cain,Killer Croc,2,,
Cassandra Cain,King Nereus,2,,
Cassandra Cain,King Shark,2,,
Cassandra Cain,Lex Luthor,2,,
Cassandra Cain,Lust,2,,
Cassandra Cain,Mera,2,,
Cassandra Cain,Mister Zsasz,2,,
Cassandra Cain,Nam-Ek,2,,
Cassandra Cain,Nuidis Vulko,2,,
Cassandra Cain,Ocean Master,2,,
Cassandra Cain,Parademon,2,,
Cassandra Cain,Peacemaker,2,,
Cassandra Cain,Penthesileia,2,,
Cassandra Cain,Philippus,2,,
Cassandra Cain,Polka-Dot Man,2,,
Cassandra Cain,Queen Atlanna,2,,
Cassandra Cain,Queen Hippolyta,2,,
Cassandra Cain,Ratcatcher,2,,
Cassandra Cain,Rick Flag,2,,
Cassandra Cain,Sabbac,2,,
Cassandra Cain,Savant,2,,
Cassandra Cain,Shazam,2,,
Cassandra Cain,Slipknot,2,,
Cassandra Cain,Sol Soria,2,,
Cassandra Cain,Starro,2,,
Cassandra Cain,Steppenwolf,2,,
Cassandra Cain,Supergirl,2,,
Cassandra Cain,Superman,2,,
Cassandra Cain,T.D.K.,2,,
Cassandra Cain,The Flash,2,,
Cassandra Cain,Vigilante,2,,
Cassandra Cain,White Dragon,2,,
Cassandra Cain,Wonder Woman,2,,
Cassandra Cain,Wrath,2,,
Cassandra Cain,Zeus,2,,
Cheetah,Cyborg,2,,
Cheetah,Cyclone,1,,
Cheetah,Dark Flash,2,,
Cheetah,Darkseid,2,,
Cheetah,Deadshot,1,,
Cheetah,Doctor Fate,2,,
Cheetah,Doctor Sivana,2,,
Cheetah,Doomsday,2,,
Cheetah,El Diablo,1,,
Cheetah,Enchantress,2,,
Cheetah,Envy,2,,
Cheetah,Faora,2,,
Cheetah,Freddy Freeman,1,,
Cheetah,General Zod,2,,
Cheetah,Gluttony,2,,
Cheetah,Green Lantern,2,,
Cheetah,Harley Quinn,1,,
Cheetah,Hawkman,2,,
Cheetah,Hespera,1,,
Cheetah,Huntress,1,,
Cheetah,Incubus,1,,
Cheetah,Joker,1,,
Cheetah,Jor-El,1,,
Cheetah,Judomaster,1,,
Cheetah,Karathen,2,,
Cheetah,Katana,1,,
Cheetah,Killer Croc,1,,
Cheetah,King Nereus,2,,
Cheetah,King Shark,1,,
Cheetah,Lex Luthor,1,,
Cheetah,Lust,2,,
Cheetah,Mera,2,,
Cheetah,Mister Zsasz,1,,
Cheetah,Nam-Ek,2,,
Cheetah,Nuidis Vulko,2,,
Cheetah,Ocean Master,2,,
Cheetah,Parademon,1,,
Cheetah,Peacemaker,1,,
Cheetah,Penthesileia,2,,
Cheetah,Philippus,2,,
Cheetah,Polka-Dot Man,1,,
Cheetah,Queen Atlanna,2,,
Cheetah,Queen Hippolyta,2,,
Cheetah,Ratcatcher,1,,
Cheetah,Rick Flag,1,,
Cheetah,Sabbac,2,,
Cheetah,Savant,1,,
Cheetah,Shazam,2,,
Cheetah,Slipknot,1,,
Cheetah,Sol Soria,1,,
Cheetah,Starro,2,,
Cheetah,Steppenwolf,2,,
Cheetah,Supergirl,2,,
Cheetah,Superman,2,,
Cheetah,T.D.K.,1,,
Cheetah,The Flash,2,,
Cheetah,Vigilante,1,,
Cheetah,White Dragon,1,,
Cheetah,Wonder Woman,2,,
Cheetah,Wrath,2,,
Cheetah,Zeus,2,,
Cyborg,Cyclone,1,,
Cyborg,Dark Flash,2,,
Cyborg,Darkseid,2,,
Cyborg,Deadshot,1,,
Cyborg,Doctor Fate,2,,
Cyborg,Doctor Sivana,2,,
Cyborg,Doomsday,2,,
Cyborg,El Diablo,1,,
Cyborg,Enchantress,2,,
Cyborg,Envy,2,,
Cyborg,Faora,2,,
Cyborg,Freddy Freeman,1,,
Cyborg,General Zod,2,,
Cyborg,Gluttony,2,,
Cyborg,Green Lantern,2,,
Cyborg,Harley Quinn,1,,
Cyborg,Hawkman,1,,
Cyborg,Hespera,1,,
Cyborg,Huntress,1,,
Cyborg,Incubus,1,,
Cyborg,Joker,1,,
Cyborg,Jor-El,1,,
Cyborg,Judomaster,1,,
Cyborg,Karathen,2,,
Cyborg,Katana,1,,
Cyborg,Killer Croc,1,,
Cyborg,King Nereus,0,,
Cyborg,King Shark,1,,
Cyborg,Lex Luthor,1,,
Cyborg,Lust,2,,
Cyborg,Mera,1,,
Cyborg,Mister Zsasz,1,,
Cyborg,Nam-Ek,2,,
Cyborg,Nuidis Vulko,1,,
Cyborg,Ocean Master,2,,
Cyborg,Parademon,1,,
Cyborg,Peacemaker,1,,
Cyborg,Penthesileia,2,,
Cyborg,Philippus,2,,
Cyborg,Polka-Dot Man,1,,
Cyborg,Queen Atlanna,1,,
Cyborg,Queen Hippolyta,2,,
Cyborg,Ratcatcher,1,,
Cyborg,Rick Flag,1,,
Cyborg,Sabbac,2,,
Cyborg,Savant,1,,
Cyborg,Shazam,2,,
Cyborg,Slipknot,1,,
Cyborg,Sol Soria,1,,
Cyborg,Starro,1,,
Cyborg,Steppenwolf,2,,
Cyborg,Supergirl,2,,
Cyborg,Superman,2,,
Cyborg,T.D.K.,1,,
Cyborg,The Flash,2,,
Cyborg,Vigilante,1,,
Cyborg,White Dragon,1,,
Cyborg,Wonder Woman,2,,
Cyborg,Wrath,2,,
Cyborg,Zeus,2,,
Cyclone,Dark Flash,2,,
Cyclone,Darkseid,2,,
Cyclone,Deadshot,1,,
Cyclone,Doctor Fate,2,,
Cyclone,Doctor Sivana,2,,
Cyclone,Doomsday,2,,
Cyclone,El Diablo,1,,
Cyclone,Enchantress,2,,
Cyclone,Envy,2,,
Cyclone,Faora,2,,
Cyclone,Freddy Freeman,1,,
Cyclone,General Zod,2,,
Cyclone,Gluttony,2,,
Cyclone,Green Lantern,2,,
Cyclone,Harley Quinn,1,,
Cyclone,Hawkman,2,,
Cyclone,Hespera,1,,
Cyclone,Huntress,1,,
Cyclone,Incubus,1,,
Cyclone,Joker,1,,
Cyclone,Jor-El,1,,
Cyclone,Judomaster,1,,
Cyclone,Karathen,2,,
Cyclone,Katana,1,,
Cyclone,Killer Croc,1,,
Cyclone,King Nereus,2,,
Cyclone,King Shark,1,,
Cyclone,Lex Luthor,1,,
Cyclone,Lust,2,,
Cyclone,Mera,2,,
Cyclone,Mister Zsasz,1,,
Cyclone,Nam-Ek,2,,
Cyclone,Nuidis Vulko,2,,
Cyclone,Ocean Master,2,,
Cyclone,Parademon,1,,
Cyclone,Peacemaker,1,,
Cyclone,Penthesileia,2,,
Cyclone,Philippus,2,,
Cyclone,Polka-Dot Man,1,,
Cyclone,Queen Atlanna,2,,
Cyclone,Queen Hippolyta,2,,
Cyclone,Ratcatcher,1,,
Cyclone,Rick Flag,1,,
Cyclone,Sabbac,2,,
Cyclone,Savant,1,,
Cyclone,Shazam,2,,
Cyclone,Slipknot,1,,
Cyclone,Sol Soria,1,,
Cyclone,Starro,2,,
Cyclone,Steppenwolf,2,,
Cyclone,Supergirl,2,,
Cyclone,Superman,2,,
Cyclone,T.D.K.,1,,
Cyclone,The Flash,2,,
Cyclone,Vigilante,1,,
Cyclone,White Dragon,1,,
Cyclone,Wonder Woman,2,,
Cyclone,Wrath,2,,
Cyclone,Zeus,2,,
Dark Flash,Darkseid,2,,
Dark Flash,Deadshot,1,,
Dark Flash,Doctor Fate,2,,
Dark Flash,Doctor Sivana,2,,
Dark Flash,Doomsday,1,,
Dark Flash,El Diablo,1,,
Dark Flash,Enchantress,1,,
Dark Flash,Envy,1,,
Dark Flash,Faora,2,,
Dark Flash,Freddy Freeman,1,,
Dark Flash,General Zod,2,,
Dark Flash,Gluttony,1,,
Dark Flash,Green Lantern,1,,
Dark Flash,Harley Quinn,1,,
Dark Flash,Hawkman,1,,
Dark Flash,Hespera,1,,
Dark Flash,Huntress,1,,
Dark Flash,Incubus,1,,
Dark Flash,Joker,1,,
Dark Flash,Jor-El,1,,
Dark Flash,Judomaster,1,,
Dark Flash,Karathen,1,,
Dark Flash,Katana,1,,
Dark Flash,Killer Croc,1,,
Dark Flash,King Nereus,1,,
Dark Flash,King Shark,1,,
Dark Flash,Lex Luthor,1,,
Dark Flash,Lust,1,,
Dark Flash,Mera,1,,
Dark Flash,Mister Zsasz,1,,
Dark Flash,Nam-Ek,2,,
Dark Flash,Nuidis Vulko,1,,
Dark Flash,Ocean Master,1,,
Dark Flash,Parademon,1,,
Dark Flash,Peacemaker,1,,
Dark Flash,Penthesileia,1,,
Dark Flash,Philippus,1,,
Dark Flash,Polka-Dot Man,1,,
Dark Flash,Queen Atlanna,1,,
Dark Flash,Queen Hippolyta,1,,
Dark Flash,Ratcatcher,1,,
Dark Flash,Rick Flag,1,,
Dark Flash,Sabbac,2,,
Dark Flash,Savant,1,,
Dark Flash,Shazam,1,,
Dark Flash,Slipknot,1,,
Dark Flash,Sol Soria,1,,
Dark Flash,Starro,1,,
Dark Flash,Steppenwolf,2,,
Dark Flash,Supergirl,1,,
Dark Flash,Superman,2,,
Dark Flash,T.D.K.,1,,
Dark Flash,The Flash,1,,
Dark Flash,Vigilante,1,,
Dark Flash,White Dragon,1,,
Dark Flash,Wonder Woman,2,,
Dark Flash,Wrath,1,,
Dark Flash,Zeus,2,,
Darkseid,Deadshot,1,,
Darkseid,Doctor Fate,1,,
Darkseid,Doctor Sivana,1,,
Darkseid,Doomsday,1,,
Darkseid,El Diablo,1,,
Darkseid,Enchantress,1,,
Darkseid,Envy,1,,
Darkseid,Faora,1,,
Darkseid,Freddy Freeman,1,,
Darkseid,General Zod,1,,
Darkseid,Gluttony,1,,
Darkseid,Green Lantern,1,,
Darkseid,Harley Quinn,1,,
Darkseid,Hawkman,1,,
Darkseid,Hespera,1,,
Darkseid,Huntress,1,,
Darkseid,Incubus,1,,
Darkseid,Joker,1,,
Darkseid,Jor-El,1,,
Darkseid,Judomaster,1,,
Darkseid,Karathen,1,,
Darkseid,Katana,1,,
Darkseid,Killer Croc,1,,
Darkseid,King Nereus,1,,
Darkseid,King Shark,1,,
Darkseid,Lex Luthor,1,,
Darkseid,Lust,1,,
Darkseid,Mera,1,,
Darkseid,Mister Zsasz,1,,
Darkseid,Nam-Ek,1,,
Darkseid,Nuidis Vulko,1,,
Darkseid,Ocean Master,1,,
Darkseid,Parademon,1,,
Darkseid,Peacemaker,1,,
Darkseid,Penthesileia,1,,
Darkseid,Philippus,1,,
Darkseid,Polka-Dot Man,1,,
Darkseid,Queen Atlanna,1,,
Darkseid,Queen Hippolyta,1,,
Darkseid,Ratcatcher,1,,
Darkseid,Rick Flag,1,,
Darkseid,Sabbac,1,,
Darkseid,Savant,1,,
Darkseid,Shazam,1,,
Darkseid,Slipknot,1,,
Darkseid,Sol Soria,1,,
Darkseid,Starro,1,,
Darkseid,Steppenwolf,1,,
Darkseid,Supergirl,1,,
Darkseid,Superman,1,,
Darkseid,T.D.K.,1,,
Darkseid,The Flash,1,,
Darkseid,Vigilante,1,,
Darkseid,White Dragon,1,,
Darkseid,Wonder Woman,1,,
Darkseid,Wrath,1,,
Darkseid,Zeus,1,,
Deadshot,Doctor Fate,2,,
Deadshot,Doctor Sivana,2,,
Deadshot,Doomsday,2,,
Deadshot,El Diablo,2,,
Deadshot,Enchantress,2,,
Deadshot,Envy,2,,
Deadshot,Faora,2,,
Deadshot,Freddy Freeman,1,,
Deadshot,General Zod,2,,
Deadshot,Gluttony,2,,
Deadshot,Green Lantern,2,,
Deadshot,Harley Quinn,2,,
Deadshot,Hawkman,2,,
Deadshot,Hespera,1,,
Deadshot,Huntress,1,,
Deadshot,Incubus,2,,
Deadshot,Joker,1,,
Deadshot,Jor-El,2,,
Deadshot,Judomaster,2,,
Deadshot,Karathen,2,,
Deadshot,Katana,2,,
Deadshot,Killer Croc,2,,
Deadshot,King Nereus,2,,
Deadshot,King Shark,2,,
Deadshot,Lex Luthor,1,,
Deadshot,Lust,2,,
Deadshot,Mera,2,,
Deadshot,Mister Zsasz,1,,
Deadshot,Nam-Ek,2,,
Deadshot,Nuidis Vulko,2,,
Deadshot,Ocean Master,2,,
Deadshot,Parademon,2,,
Deadshot,Peacemaker,2,,
Deadshot,Penthesileia,2,,
Deadshot,Philippus,2,,
Deadshot,Polka-Dot Man,2,,
Deadshot,Queen Atlanna,2,,
Deadshot,Queen Hippolyta,2,,
Deadshot,Ratcatcher,1,,
Deadshot,Rick Flag,2,,
Deadshot,Sabbac,2,,
Deadshot,Savant,1,,
Deadshot,Shazam,2,,
Deadshot,Slipknot,1,,
Deadshot,Sol Soria,1,,
Deadshot,Starro,2,,
Deadshot,Steppenwolf,2,,
Deadshot,Supergirl,2,,
Deadshot,Superman,2,,
Deadshot,T.D.K.,2,,
Deadshot,The Flash,2,,
Deadshot,Vigilante,2,,
Deadshot,White Dragon,2,,
Deadshot,Wonder Woman,2,,
Deadshot,Wrath,2,,
Deadshot,Zeus,2,,
Doctor Fate,Doctor Sivana,1,,
Doctor Fate,Doomsday,1,,
Doctor Fate,El Diablo,1,,
Doctor Fate,Enchantress,1,,
Doctor Fate,Envy,1,,
Doctor Fate,Faora,2,,
Doctor Fate,Freddy Freeman,1,,
Doctor Fate,General Zod,0,,
Doctor Fate,Gluttony,1,,
Doctor Fate,Green Lantern,1,,
Doctor Fate,Harley Quinn,1,,
Doctor Fate,Hawkman,1,,
Doctor Fate,Hespera,1,,
Doctor Fate,Huntress,1,,
Doctor Fate,Incubus,1,,
Doctor Fate,Joker,1,,
Doctor Fate,Jor-El,1,,
Doctor Fate,Judomaster,1,,
Doctor Fate,Karathen,1,,
Doctor Fate,Katana,1,,
Doctor Fate,Killer Croc,1,,
Doctor Fate,King Nereus,1,,
Doctor Fate,King Shark,1,,
Doctor Fate,Lex Luthor,1,,
Doctor Fate,Lust,1,,
Doctor Fate,Mera,1,,
Doctor Fate,Mister Zsasz,1,,
Doctor Fate,Nam-Ek,1,,
Doctor Fate,Nuidis Vulko,1,,
Doctor Fate,Ocean Master,1,,
Doctor Fate,Parademon,1,,
Doctor Fate,Peacemaker,1,,
Doctor Fate,Penthesileia,1,,
Doctor Fate,Philippus,1,,
Doctor Fate,Polka-Dot Man,1,,
Doctor Fate,Queen Atlanna,1,,
Doctor Fate,Queen Hippolyta,1,,
Doctor Fate,Ratcatcher,1,,
Doctor Fate,Rick Flag,1,,
Doctor Fate,Sabbac,1,,
Doctor Fate,Savant,1,,
Doctor Fate,Shazam,1,,
Doctor Fate,Slipknot,1,,
Doctor Fate,Sol Soria,1,,
Doctor Fate,Starro,1,,
Doctor Fate,Steppenwolf,1,,
Doctor Fate,Supergirl,1,,
Doctor Fate,Superman,2,,
Doctor Fate,T.D.K.,1,,
Doctor Fate,The Flash,1,,
Doctor Fate,Vigilante,1,,
Doctor Fate,White Dragon,1,,
Doctor Fate,Wonder Woman,2,,
Doctor Fate,Wrath,1,,
Doctor Fate,Zeus,2,,
Doctor Sivana,Doomsday,1,,
Doctor Sivana,El Diablo,1,,
Doctor Sivana,Enchantress,1,,
Doctor Sivana,Envy,1,,
Doctor Sivana,Faora,2,,
Doctor Sivana,Freddy Freeman,1,,
Doctor Sivana,General Zod,2,,
Doctor Sivana,Gluttony,1,,
Doctor Sivana,Green Lantern,1,,
Doctor Sivana,Harley Quinn,1,,
Doctor Sivana,Hawkman,1,,
Doctor Sivana,Hespera,1,,
Doctor Sivana,Huntress,1,,
Doctor Sivana,Incubus,1,,
Doctor Sivana,Joker,1,,
Doctor Sivana,Jor-El,1,,
Doctor Sivana,Judomaster,1,,
Doctor Sivana,Karathen,1,,
Doctor Sivana,Katana,1,,
Doctor Sivana,Killer Croc,1,,
Doctor Sivana,King Nereus,1,,
Doctor Sivana,King Shark,1,,
Doctor Sivana,Lex Luthor,1,,
Doctor Sivana,Lust,1,,
Doctor Sivana,Mera,1,,
Doctor Sivana,Mister Zsasz,1,,
Doctor Sivana,Nam-Ek,1,,
Doctor Sivana,Nuidis Vulko,1,,
Doctor Sivana,Ocean Master,1,,
Doctor Sivana,Parademon,1,,
Doctor Sivana,Peacemaker,1,,
Doctor Sivana,Penthesileia,1,,
Doctor Sivana,Philippus,1,,
Doctor Sivana,Polka-Dot Man,1,,
Doctor Sivana,Queen Atlanna,1,,
Doctor Sivana,Queen Hippolyta,1,,
Doctor Sivana,Ratcatcher,1,,
Doctor Sivana,Rick Flag,1,,
Doctor Sivana,Sabbac,2,,
Doctor Sivana,Savant,1,,
Doctor Sivana,Shazam,1,,
Doctor Sivana,Slipknot,1,,
Doctor Sivana,Sol Soria,1,,
Doctor Sivana,Starro,1,,
Doctor Sivana,Steppenwolf,2,,
Doctor Sivana,Supergirl,1,,
Doctor Sivana,Superman,2,,
Doctor Sivana,T.D.K.,1,,
Doctor Sivana,The Flash,1,,
Doctor Sivana,Vigilante,1,,
Doctor Sivana,White Dragon,1,,
Doctor Sivana,Wonder Woman,2,,
Doctor Sivana,Wrath,1,,
Doctor Sivana,Zeus,2,,
Doomsday,El Diablo,1,,
Doomsday,Enchantress,2,,
Doomsday,Envy,2,,
Doomsday,Faora,2,,
Doomsday,Freddy Freeman,1,,
Doomsday,General Zod,2,,
Doomsday,Gluttony,2,,
Doomsday,Green Lantern,2,,
Doomsday,Harley Quinn,1,,
Doomsday,Hawkman,1,,
Doomsday,Hespera,1,,
Doomsday,Huntress,1,,
Doomsday,Incubus,1,,
Doomsday,Joker,1,,
Doomsday,Jor-El,1,,
Doomsday,Judomaster,1,,
Doomsday,Karathen,2,,
Doomsday,Katana,1,,
Doomsday,Killer Croc,1,,
Doomsday,King Nereus,1,,
Doomsday,King Shark,1,,
Doomsday,Lex Luthor,1,,
Doomsday,Lust,2,,
Doomsday,Mera,1,,
Doomsday,Mister Zsasz,1,,
Doomsday,Nam-Ek,2,,
Doomsday,Nuidis Vulko,1,,
Doomsday,Ocean Master,0,,
Doomsday,Parademon,1,,
Doomsday,Peacemaker,1,,
Doomsday,Penthesileia,2,,
Doomsday,Philippus,0,,
Doomsday,Polka-Dot Man,1,,
Doomsday,Queen Atlanna,1,,
Doomsday,Queen Hippolyta,1,,
Doomsday,Ratcatcher,1,,
Doomsday,Rick Flag,1,,
Doomsday,Sabbac,2,,
Doomsday,Savant,1,,
Doomsday,Shazam,2,,
Doomsday,Slipknot,1,,
Doomsday,Sol Soria,1,,
Doomsday,Starro,1,,
Doomsday,Steppenwolf,2,,
Doomsday,Supergirl,2,,
Doomsday,Superman,2,,
Doomsday,T.D.K.,1,,
Doomsday,The Flash,2,,
Doomsday,Vigilante,1,,
Doomsday,White Dragon,1,,
Doomsday,Wonder Woman,2,,
Doomsday,Wrath,2,,
Doomsday,Zeus,2,,
El Diablo,Enchantress,2,,
El Diablo,Envy,2,,
El Diablo,Faora,2,,
El Diablo,Freddy Freeman,1,,
El Diablo,General Zod,2,,
El Diablo,Gluttony,2,,
El Diablo,Green Lantern,2,,
El Diablo,Harley Quinn,1,,
El Diablo,Hawkman,2,,
El Diablo,Hespera,1,,
El Diablo,Huntress,1,,
El Diablo,Incubus,2,,
El Diablo,Joker,1,,
El Diablo,Jor-El,2,,
El Diablo,Judomaster,2,,
El Diablo,Karathen,2,,
El Diablo,Katana,1,,
El Diablo,Killer Croc,1,,
El Diablo,King Nereus,2,,
El Diablo,King Shark,2,,
El Diablo,Lex Luthor,1,,
El Diablo,Lust,2,,
El Diablo,Mera,2,,
El Diablo,Mister Zsasz,1,,
El Diablo,Nam-Ek,2,,
El Diablo,Nuidis Vulko,2,,
El Diablo,Ocean Master,2,,
El Diablo,Parademon,2,,
El Diablo,Peacemaker,2,,
El Diablo,Penthesileia,2,,
El Diablo,Philippus,2,,
El Diablo,Polka-Dot Man,1,,
El Diablo,Queen Atlanna,2,,
El Diablo,Queen Hippolyta,2,,
El Diablo,Ratcatcher,1,,
El Diablo,Rick Flag,1,,
El Diablo,Sabbac,2,,
El Diablo,Savant,1,,
El Diablo,Shazam,2,,
El Diablo,Slipknot,1,,
El Diablo,Sol Soria,1,,
El Diablo,Starro,2,,
El Diablo,Steppenwolf,2,,
El Diablo,Supergirl,2,,
El Diablo,Superman,2,,
El Diablo,T.D.K.,1,,
El Diablo,The Flash,2,,
El Diablo,Vigilante,1,,
El Diablo,White Dragon,1,,
El Diablo,Wonder Woman,2,,
El Diablo,Wrath,2,,
El Diablo,Zeus,2,,
Enchantress,Envy,2,,
Enchantress,Faora,2,,
Enchantress,Freddy Freeman,1,,
Enchantress,General Zod,2,,
Enchantress,Gluttony,2,,
Enchantress,Green Lantern,2,,
Enchantress,Harley Quinn,1,,
Enchantress,Hawkman,1,,
Enchantress,Hespera,1,,
Enchantress,Huntress,1,,
Enchantress,Incubus,1,,
Enchantress,Joker,1,,
Enchantress,Jor-El,1,,
Enchantress,Judomaster,1,,
Enchantress,Karathen,2,,
Enchantress,Katana,1,,
Enchantress,Killer Croc,1,,
Enchantress,King Nereus,1,,
Enchantress,King Shark,1,,
Enchantress,Lex Luthor,1,,
Enchantress,Lust,2,,
Enchantress,Mera,1,,
Enchantress,Mister Zsasz,1,,
Enchantress,Nam-Ek,2,,
Enchantress,Nuidis Vulko,1,,
Enchantress,Ocean Master,1,,
Enchantress,Parademon,1,,
Enchantress,Peacemaker,1,,
Enchantress,Penthesileia,2,,
Enchantress,Philippus,1,,
Enchantress,Polka-Dot Man,1,,
Enchantress,Queen Atlanna,1,,
Enchantress,Queen Hippolyta,1,,
Enchantress,Ratcatcher,1,,
Enchantress,Rick Flag,1,,
Enchantress,Sabbac,2,,
Enchantress,Savant,1,,
Enchantress,Shazam,2,,
Enchantress,Slipknot,1,,
Enchantress,Sol Soria,1,,
Enchantress,Starro,1,,
Enchantress,Steppenwolf,2,,
Enchantress,Supergirl,2,,
Enchantress,Superman,2,,
Enchantress,T.D.K.,1,,
Enchantress,The Flash,2,,
Enchantress,Vigilante,1,,
Enchantress,White Dragon,1,,
Enchantress,Wonder Woman,2,,
Enchantress,Wrath,2,,
Enchantress,Zeus,2,,
Envy,Faora,2,,
Envy,Freddy Freeman,1,,
Envy,General Zod,2,,
Envy,Gluttony,0,,
Envy,Green Lantern,1,,
Envy,Harley Quinn,1,,
Envy,Hawkman,1,,
Envy,Hespera,1,,
Envy,Huntress,1,,
Envy,Incubus,1,,
Envy,Joker,1,,
Envy,Jor-El,1,,
Envy,Judomaster,1,,
Envy,Karathen,1,,
Envy,Katana,1,,
Envy,Killer Croc,1,,
Envy,King Nereus,1,,
Envy,King Shark,1,,
Envy,Lex Luthor,1,,
Envy,Lust,0,,
Envy,Mera,1,,
Envy,Mister Zsasz,1,,
Envy,Nam-Ek,2,,
Envy,Nuidis Vulko,1,,
Envy,Ocean Master,1,,
Envy,Parademon,1,,
Envy,Peacemaker,1,,
Envy,Penthesileia,1,,
Envy,Philippus,1,,
Envy,Polka-Dot Man,1,,
Envy,Queen Atlanna,1,,
Envy,Queen Hippolyta,1,,
Envy,Ratcatcher,1,,
Envy,Rick Flag,1,,
Envy,Sabbac,2,,
Envy,Savant,1,,
Envy,Shazam,1,,
Envy,Slipknot,1,,
Envy,Sol Soria,1,,
Envy,Starro,1,,
Envy,Steppenwolf,2,,
Envy,Supergirl,1,,
Envy,Superman,2,,
Envy,T.D.K.,1,,
Envy,The Flash,0,,
Envy,Vigilante,1,,
Envy,White Dragon,1,,
Envy,Wonder Woman,2,,
Envy,Wrath,0,,
Envy,Zeus,2,,
Faora,Freddy Freeman,1,,
Faora,General Zod,1,,
Faora,Gluttony,1,,
Faora,Green Lantern,1,,
Faora,Harley Quinn,1,,
Faora,Hawkman,1,,
Faora,Hespera,1,,
Faora,Huntress,1,,
Faora,Incubus,1,,
Faora,Joker,1,,
Faora,Jor-El,1,,
Faora,Judomaster,1,,
Faora,Karathen,1,,
Faora,Katana,1,,
Faora,Killer Croc,1,,
Faora,King Nereus,1,,
Faora,King Shark,1,,
Faora,Lex Luthor,1,,
Faora,Lust,1,,
Faora,Mera,1,,
Faora,Mister Zsasz,1,,
Faora,Nam-Ek,1,,
Faora,Nuidis Vulko,1,,
Faora,Ocean Master,1,,
Faora,Parademon,1,,
Faora,Peacemaker,1,,
Faora,Penthesileia,1,,
Faora,Philippus,1,,
Faora,Polka-Dot Man,1,,
Faora,Queen Atlanna,1,,
Faora,Queen Hippolyta,1,,
Faora,Ratcatcher,1,,
Faora,Rick Flag,1,,
Faora,Sabbac,1,,
Faora,Savant,1,,
Faora,Shazam,1,,
Faora,Slipknot,1,,
Faora,Sol Soria,1,,
Faora,Starro,1,,
Faora,Steppenwolf,1,,
Faora,Supergirl,1,,
Faora,Superman,2,,
Faora,T.D.K.,1,,
Faora,The Flash,1,,
Faora,Vigilante,1,,
Faora,White Dragon,1,,
Faora,Wonder Woman,2,,
Faora,Wrath,1,,
Faora,Zeus,2,,
Freddy Freeman,General Zod,2,,
Freddy Freeman,Gluttony,2,,
Freddy Freeman,Green Lantern,2,,
Freddy Freeman,Harley Quinn,2,,
Freddy Freeman,Hawkman,2,,
Freddy Freeman,Hespera,0,,
Freddy Freeman,Huntress,2,,
Freddy Freeman,Incubus,2,,
Freddy Freeman,Joker,2,,
Freddy Freeman,Jor-El,2,,
Freddy Freeman,Judomaster,2,,
Freddy Freeman,Karathen,2,,
Freddy Freeman,Katana,2,,
Freddy Freeman,Killer Croc,2,,
Freddy Freeman,King Nereus,2,,
Freddy Freeman,King Shark,2,,
Freddy Freeman,Lex Luthor,2,,
Freddy Freeman,Lust,2,,
Freddy Freeman,Mera,2,,
Freddy Freeman,Mister Zsasz,2,,
Freddy Freeman,Nam-Ek,2,,
Freddy Freeman,Nuidis Vulko,2,,
Freddy Freeman,Ocean Master,2,,
Freddy Freeman,Parademon,2,,
Freddy Freeman,Peacemaker,2,,
Freddy Freeman,Penthesileia,2,,
Freddy Freeman,Philippus,2,,
Freddy Freeman,Polka-Dot Man,2,,
Freddy Freeman,Queen Atlanna,2,,
Freddy Freeman,Queen Hippolyta,2,,
Freddy Freeman,Ratcatcher,2,,
Freddy Freeman,Rick Flag,2,,
Freddy Freeman,Sabbac,2,,
Freddy Freeman,Savant,2,,
Freddy Freeman,Shazam,2,,
Freddy Freeman,Slipknot,2,,
Freddy Freeman,Sol Soria,2,,
Freddy Freeman,Starro,2,,
Freddy Freeman,Steppenwolf,2,,
Freddy Freeman,Supergirl,2,,
Freddy Freeman,Superman,2,,
Freddy Freeman,T.D.K.,2,,
Freddy Freeman,The Flash,2,,
Freddy Freeman,Vigilante,2,,
Freddy Freeman,White Dragon,2,,
Freddy Freeman,Wonder Woman,2,,
Freddy Freeman,Wrath,2,,
Freddy Freeman,Zeus,2,,
General Zod,Gluttony,1,,
General Zod,Green Lantern,1,,
General Zod,Harley Quinn,1,,
General Zod,Hawkman,1,,
General Zod,Hespera,1,,
General Zod,Huntress,1,,
General Zod,Incubus,1,,
General Zod,Joker,1,,
General Zod,Jor-El,1,,
General Zod,Judomaster,1,,
General Zod,Karathen,1,,
General Zod,Katana,1,,
General Zod,Killer Croc,1,,
General Zod,King Nereus,1,,
General Zod,King Shark,1,,
General Zod,Lex Luthor,1,,
General Zod,Lust,1,,
General Zod,Mera,1,,
General Zod,Mister Zsasz,1,,
General Zod,Nam-Ek,1,,
General Zod,Nuidis Vulko,1,,
General Zod,Ocean Master,1,,
General Zod,Parademon,1,,
General Zod,Peacemaker,1,,
General Zod,Penthesileia,1,,
General Zod,Philippus,1,,
General Zod,Polka-Dot Man,1,,
General Zod,Queen Atlanna,1,,
General Zod,Queen Hippolyta,1,,
General Zod,Ratcatcher,1,,
General Zod,Rick Flag,1,,
General Zod,Sabbac,1,,
General Zod,Savant,1,,
General Zod,Shazam,1,,
General Zod,Slipknot,1,,
General Zod,Sol Soria,1,,
General Zod,Starro,1,,
General Zod,Steppenwolf,1,,
General Zod,Supergirl,1,,
General Zod,Superman,2,,
General Zod,T.D.K.,1,,
General Zod,The Flash,1,,
General Zod,Vigilante,1,,
General Zod,White Dragon,1,,
General Zod,Wonder Woman,2,,
General Zod,Wrath,1,,
General Zod,Zeus,2,,
Gluttony,Green Lantern,1,,
Gluttony,Harley Quinn,1,,
Gluttony,Hawkman,1,,
Gluttony,Hespera,1,,
Gluttony,Huntress,1,,
Gluttony,Incubus,1,,
Gluttony,Joker,1,,
Gluttony,Jor-El,1,,
Gluttony,Judomaster,1,,
Gluttony,Karathen,1,,
Gluttony,Katana,1,,
Gluttony,Killer Croc,1,,
Gluttony,King Nereus,1,,
Gluttony,King Shark,1,,
Gluttony,Lex Luthor,1,,
Gluttony,Lust,0,,
Gluttony,Mera,1,,
Gluttony,Mister Zsasz,1,,
Gluttony,Nam-Ek,2,,
Gluttony,Nuidis Vulko,1,,
Gluttony,Ocean Master,1,,
Gluttony,Parademon,1,,
Gluttony,Peacemaker,1,,
Gluttony,Penthesileia,1,,
Gluttony,Philippus,1,,
Gluttony,Polka-Dot Man,1,,
Gluttony,Queen Atlanna,1,,
Gluttony,Queen Hippolyta,1,,
Gluttony,Ratcatcher,1,,
Gluttony,Rick Flag,1,,
Gluttony,Sabbac,2,,
Gluttony,Savant,1,,
Gluttony,Shazam,1,,
Gluttony,Slipknot,1,,
Gluttony,Sol Soria,1,,
Gluttony,Starro,1,,
Gluttony,Steppenwolf,2,,
Gluttony,Supergirl,1,,
Gluttony,Superman,2,,
Gluttony,T.D.K.,1,,
Gluttony,The Flash,0,,
Gluttony,Vigilante,1,,
Gluttony,White Dragon,1,,
Gluttony,Wonder Woman,2,,
Gluttony,Wrath,0,,
Gluttony,Zeus,2,,
Green Lantern,Harley Quinn,1,,
Green Lantern,Hawkman,1,,
Green Lantern,Hespera,1,,
Green Lantern,Huntress,1,,
Green Lantern,Incubus,1,,
Green Lantern,Joker,1,,
Green Lantern,Jor-El,1,,
Green Lantern,Judomaster,1,,
Green Lantern,Karathen,1,,
Green Lantern,Katana,1,,
Green Lantern,Killer Croc,1,,
Green Lantern,King Nereus,1,,
Green Lantern,King Shark,1,,
Green Lantern,Lex Luthor,1,,
Green Lantern,Lust,2,,
Green Lantern,Mera,1,,
Green Lantern,Mister Zsasz,1,,
Green Lantern,Nam-Ek,2,,
Green Lantern,Nuidis Vulko,1,,
Green Lantern,Ocean Master,1,,
Green Lantern,Parademon,1,,
Green Lantern,Peacemaker,1,,
Green Lantern,Penthesileia,2,,
Green Lantern,Philippus,1,,
Green Lantern,Polka-Dot Man,1,,
Green Lantern,Queen Atlanna,1,,
Green Lantern,Queen Hippolyta,1,,
Green Lantern,Ratcatcher,1,,
Green Lantern,Rick Flag,1,,
Green Lantern,Sabbac,2,,
Green Lantern,Savant,1,,
Green Lantern,Shazam,2,,
Green Lantern,Slipknot,1,,
Green Lantern,Sol Soria,1,,
Green Lantern,Starro,1,,
Green Lantern,Steppenwolf,2,,
Green Lantern,Supergirl,2,,
Green Lantern,Superman,2,,
Green Lantern,T.D.K.,1,,
Green Lantern,The Flash,2,,
Green Lantern,Vigilante,1,,
Green Lantern,White Dragon,1,,
Green Lantern,Wonder Woman,2,,
Green Lantern,Wrath,2,,
Green Lantern,Zeus,2,,
Harley Quinn,Hawkman,2,,
Harley Quinn,Hespera,1,,
Harley Quinn,Huntress,1,,
Harley Quinn,Incubus,2,,
Harley Quinn,Joker,1,,
Harley Quinn,Jor-El,2,,
Harley Quinn,Judomaster,2,,
Harley Quinn,Karathen,2,,
Harley Quinn,Katana,1,,
Harley Quinn,Killer Croc,2,,
Harley Quinn,King Nereus,2,,
Harley Quinn,King Shark,2,,
Harley Quinn,Lex Luthor,1,,
Harley Quinn,Lust,2,,
Harley Quinn,Mera,2,,
Harley Quinn,Mister Zsasz,1,,
Harley Quinn,Nam-Ek,2,,
Harley Quinn,Nuidis Vulko,2,,
Harley Quinn,Ocean Master,2,,
Harley Quinn,Parademon,2,,
Harley Quinn,Peacemaker,2,,
Harley Quinn,Penthesileia,2,,
Harley Quinn,Philippus,2,,
Harley Quinn,Polka-Dot Man,1,,
Harley Quinn,Queen Atlanna,2,,
Harley Quinn,Queen Hippolyta,2,,
Harley Quinn,Ratcatcher,1,,
Harley Quinn,Rick Flag,1,,
Harley Quinn,Sabbac,2,,
Harley Quinn,Savant,1,,
Harley Quinn,Shazam,2,,
Harley Quinn,Slipknot,1,,
Harley Quinn,Sol Soria,1,,
Harley Quinn,Starro,2,,
Harley Quinn,Steppenwolf,2,,
Harley Quinn,Supergirl,2,,
Harley Quinn,Superman,2,,
Harley Quinn,T.D.K.,1,,
Harley Quinn,The Flash,2,,
Harley Quinn,Vigilante,1,,
Harley Quinn,White Dragon,0,,
Harley Quinn,Wonder Woman,2,,
Harley Quinn,Wrath,2,,
Harley Quinn,Zeus,2,,
Hawkman,Hespera,1,,
Hawkman,Huntress,1,,
Hawkman,Incubus,1,,
Hawkman,Joker,1,,
Hawkman,Jor-El,1,,
Hawkman,Judomaster,1,,
Hawkman,Karathen,2,,
Hawkman,Katana,1,,
Hawkman,Killer Croc,1,,
Hawkman,King Nereus,2,,
Hawkman,King Shark,1,,
Hawkman,Lex Luthor,1,,
Hawkman,Lust,2,,
Hawkman,Mera,1,,
Hawkman,Mister Zsasz,1,,
Hawkman,Nam-Ek,2,,
Hawkman,Nuidis Vulko,1,,
Hawkman,Ocean Master,2,,
Hawkman,Parademon,1,,
Hawkman,Peacemaker,1,,
Hawkman,Penthesileia,2,,
Hawkman,Philippus,2,,
Hawkman,Polka-Dot Man,1,,
Hawkman,Queen Atlanna,2,,
Hawkman,Queen Hippolyta,2,,
Hawkman,Ratcatcher,1,,
Hawkman,Rick Flag,1,,
Hawkman,Sabbac,2,,
Hawkman,Savant,1,,
Hawkman,Shazam,2,,
Hawkman,Slipknot,1,,
Hawkman,Sol Soria,1,,
Hawkman,Starro,0,,
Hawkman,Steppenwolf,2,,
Hawkman,Supergirl,2,,
Hawkman,Superman,2,,
Hawkman,T.D.K.,1,,
Hawkman,The Flash,2,,
Hawkman,Vigilante,1,,
Hawkman,White Dragon,1,,
Hawkman,Wonder Woman,2,,
Hawkman,Wrath,2,,
Hawkman,Zeus,2,,
Hespera,Huntress,2,,
Hespera,Incubus,2,,
Hespera,Joker,2,,
Hespera,Jor-El,2,,
Hespera,Judomaster,2,,
Hespera,Karathen,2,,
Hespera,Katana,2,,
Hespera,Killer Croc,2,,
Hespera,King Nereus,2,,
Hespera,King Shark,2,,
Hespera,Lex Luthor,2,,
Hespera,Lust,2,,
Hespera,Mera,2,,
Hespera,Mister Zsasz,2,,
Hespera,Nam-Ek,2,,
Hespera,Nuidis Vulko,2,,
Hespera,Ocean Master,2,,
Hespera,Parademon,2,,
Hespera,Peacemaker,2,,
Hespera,Penthesileia,2,,
Hespera,Philippus,2,,
Hespera,Polka-Dot Man,2,,
Hespera,Queen Atlanna,2,,
Hespera,Queen Hippolyta,2,,
Hespera,Ratcatcher,2,,
Hespera,Rick Flag,2,,
Hespera,Sabbac,2,,
Hespera,Savant,2,,
Hespera,Shazam,2,,
Hespera,Slipknot,2,,
Hespera,Sol Soria,2,,
Hespera,Starro,2,,
Hespera,Steppenwolf,2,,
Hespera,Supergirl,2,,
Hespera,Superman,2,,
Hespera,T.D.K.,2,,
Hespera,The Flash,2,,
Hespera,Vigilante,2,,
Hespera,White Dragon,2,,
Hespera,Wonder Woman,2,,
Hespera,Wrath,2,,
Hespera,Zeus,2,,
Huntress,Incubus,2,,
Huntress,Joker,2,,
Huntress,Jor-El,2,,
Huntress,Judomaster,2,,
Huntress,Karathen,2,,
Huntress,Katana,2,,
Huntress,Killer Croc,2,,
Huntress,King Nereus,2,,
Huntress,King Shark,2,,
Huntress,Lex Luthor,1,,
Huntress,Lust,2,,
Huntress,Mera,2,,
Huntress,Mister Zsasz,1,,
Huntress,Nam-Ek,2,,
Huntress,Nuidis Vulko,2,,
Huntress,Ocean Master,2,,
Huntress,Parademon,2,,
Huntress,Peacemaker,2,,
Huntress,Penthesileia,2,,
Huntress,Philippus,2,,
Huntress,Polka-Dot Man,2,,
Huntress,Queen Atlanna,2,,
Huntress,Queen Hippolyta,2,,
Huntress,Ratcatcher,1,,
Huntress,Rick Flag,2,,
Huntress,Sabbac,2,,
Huntress,Savant,0,,
Huntress,Shazam,2,,
Huntress,Slipknot,1,,
Huntress,Sol Soria,1,,
Huntress,Starro,2,,
Huntress,Steppenwolf,2,,
Huntress,Supergirl,2,,
Huntress,Superman,2,,
Huntress,T.D.K.,2,,
Huntress,The Flash,2,,
Huntress,Vigilante,2,,
Huntress,White Dragon,2,,
Huntress,Wonder Woman,2,,
Huntress,Wrath,2,,
Huntress,Zeus,2,,
Incubus,Joker,1,,
Incubus,Jor-El,1,,
Incubus,Judomaster,1,,
Incubus,Karathen,2,,
Incubus,Katana,1,,
Incubus,Killer Croc,1,,
Incubus,King Nereus,2,,
Incubus,King Shark,2,,
Incubus,Lex Luthor,1,,
Incubus,Lust,2,,
Incubus,Mera,2,,
Incubus,Mister Zsasz,1,,
Incubus,Nam-Ek,2,,
Incubus,Nuidis Vulko,2,,
Incubus,Ocean Master,2,,
Incubus,Parademon,1,,
Incubus,Peacemaker,1,,
Incubus,Penthesileia,2,,
Incubus,Philippus,2,,
Incubus,Polka-Dot Man,1,,
Incubus,Queen Atlanna,2,,
Incubus,Queen Hippolyta,2,,
Incubus,Ratcatcher,1,,
Incubus,Rick Flag,1,,
Incubus,Sabbac,2,,
Incubus,Savant,1,,
Incubus,Shazam,2,,
Incubus,Slipknot,1,,
Incubus,Sol Soria,1,,
Incubus,Starro,2,,
Incubus,Steppenwolf,2,,
Incubus,Supergirl,2,,
Incubus,Superman,2,,
Incubus,T.D.K.,1,,
Incubus,The Flash,2,,
Incubus,Vigilante,1,,
Incubus,White Dragon,1,,
Incubus,Wonder Woman,2,,
Incubus,Wrath,2,,
Incubus,Zeus,2,,
Joker,Jor-El,2,,
Joker,Judomaster,2,,
Joker,Karathen,2,,
Joker,Katana,2,,
Joker,Killer Croc,2,,
Joker,King Nereus,2,,
Joker,King Shark,2,,
Joker,Lex Luthor,1,,
Joker,Lust,2,,
Joker,Mera,2,,
Joker,Mister Zsasz,1,,
Joker,Nam-Ek,2,,
Joker,Nuidis Vulko,2,,
Joker,Ocean Master,2,,
Joker,Parademon,2,,
Joker,Peacemaker,2,,
Joker,Penthesileia,2,,
Joker,Philippus,2,,
Joker,Polka-Dot Man,2,,
Joker,Queen Atlanna,2,,
Joker,Queen Hippolyta,2,,
Joker,Ratcatcher,1,,
Joker,Rick Flag,2,,
Joker,Sabbac,2,,
Joker,Savant,1,,
Joker,Shazam,2,,
Joker,Slipknot,1,,
Joker,Sol Soria,1,,
Joker,Starro,2,,
Joker,Steppenwolf,2,,
Joker,Supergirl,2,,
Joker,Superman,2,,
Joker,T.D.K.,2,,
Joker,The Flash,2,,
Joker,Vigilante,2,,
Joker,White Dragon,2,,
Joker,Wonder Woman,2,,
Joker,Wrath,2,,
Joker,Zeus,2,,
Jor-El,Judomaster,2,,
Jor-El,Karathen,2,,
Jor-El,Katana,1,,
Jor-El,Killer Croc,1,,
Jor-El,King Nereus,2,,
Jor-El,King Shark,2,,
Jor-El,Lex Luthor,1,,
Jor-El,Lust,2,,
Jor-El,Mera,2,,
Jor-El,Mister Zsasz,1,,
Jor-El,Nam-Ek,2,,
Jor-El,Nuidis Vulko,2,,
Jor-El,Ocean Master,2,,
Jor-El,Parademon,0,,
Jor-El,Peacemaker,2,,
Jor-El,Penthesileia,2,,
Jor-El,Philippus,2,,
Jor-El,Polka-Dot Man,1,,
Jor-El,Queen Atlanna,2,,
Jor-El,Queen Hippolyta,2,,
Jor-El,Ratcatcher,1,,
Jor-El,Rick Flag,1,,
Jor-El,Sabbac,2,,
Jor-El,Savant,1,,
Jor-El,Shazam,2,,
Jor-El,Slipknot,1,,
Jor-El,Sol Soria,1,,
Jor-El,Starro,2,,
Jor-El,Steppenwolf,2,,
Jor-El,Supergirl,2,,
Jor-El,Superman,2,,
Jor-El,T.D.K.,1,,
Jor-El,The Flash,2,,
Jor-El,Vigilante,1,,
Jor-El,White Dragon,1,,
Jor-El,Wonder Woman,2,,
Jor-El,Wrath,2,,
Jor-El,Zeus,2,,
Judomaster,Karathen,2,,
Judomaster,Katana,1,,
Judomaster,Killer Croc,1,,
Judomaster,King Nereus,2,,
Judomaster,King Shark,2,,
Judomaster,Lex Luthor,1,,
Judomaster,Lust,2,,
Judomaster,Mera,2,,
Judomaster,Mister Zsasz,1,,
Judomaster,Nam-Ek,2,,
Judomaster,Nuidis Vulko,2,,
Judomaster,Ocean Master,2,,
Judomaster,Parademon,1,,
Judomaster,Peacemaker,0,,
Judomaster,Penthesileia,2,,
Judomaster,Philippus,2,,
Judomaster,Polka-Dot Man,1,,
Judomaster,Queen Atlanna,2,,
Judomaster,Queen Hippolyta,2,,
Judomaster,Ratcatcher,1,,
Judomaster,Rick Flag,1,,
Judomaster,Sabbac,2,,
Judomaster,Savant,1,,
Judomaster,Shazam,2,,
Judomaster,Slipknot,1,,
Judomaster,Sol Soria,1,,
Judomaster,Starro,2,,
Judomaster,Steppenwolf,2,,
Judomaster,Supergirl,2,,
Judomaster,Superman,2,,
Judomaster,T.D.K.,1,,
Judomaster,The Flash,2,,
Judomaster,Vigilante,1,,
Judomaster,White Dragon,1,,
Judomaster,Wonder Woman,2,,
Judomaster,Wrath,2,,
Judomaster,Zeus,2,,
Karathen,Katana,1,,
Karathen,Killer Croc,1,,
Karathen,King Nereus,1,,
Karathen,King Shark,1,,
Karathen,Lex Luthor,1,,
Karathen,Lust,2,,
Karathen,Mera,1,,
Karathen,Mister Zsasz,1,,
Karathen,Nam-Ek,2,,
Karathen,Nuidis Vulko,1,,
Karathen,Ocean Master,1,,
Karathen,Parademon,1,,
Karathen,Peacemaker,1,,
Karathen,Penthesileia,2,,
Karathen,Philippus,1,,
Karathen,Polka-Dot Man,1,,
Karathen,Queen Atlanna,1,,
Karathen,Queen Hippolyta,1,,
Karathen,Ratcatcher,1,,
Karathen,Rick Flag,1,,
Karathen,Sabbac,2,,
Karathen,Savant,1,,
Karathen,Shazam,2,,
Karathen,Slipknot,1,,
Karathen,Sol Soria,1,,
Karathen,Starro,1,,
Karathen,Steppenwolf,2,,
Karathen,Supergirl,2,,
Karathen,Superman,2,,
Karathen,T.D.K.,1,,
Karathen,The Flash,2,,
Karathen,Vigilante,1,,
Karathen,White Dragon,1,,
Karathen,Wonder Woman,2,,
Karathen,Wrath,2,,
Karathen,Zeus,2,,
Katana,Killer Croc,2,,
Katana,King Nereus,2,,
Katana,King Shark,2,,
Katana,Lex Luthor,1,,
Katana,Lust,2,,
Katana,Mera,2,,
Katana,Mister Zsasz,1,,
Katana,Nam-Ek,2,,
Katana,Nuidis Vulko,2,,
Katana,Ocean Master,2,,
Katana,Parademon,2,,
Katana,Peacemaker,2,,
Katana,Penthesileia,2,,
Katana,Philippus,2,,
Katana,Polka-Dot Man,1,,
Katana,Queen Atlanna,2,,
Katana,Queen Hippolyta,2,,
Katana,Ratcatcher,1,,
Katana,Rick Flag,1,,
Katana,Sabbac,2,,
Katana,Savant,1,,
Katana,Shazam,2,,
Katana,Slipknot,1,,
Katana,Sol Soria,1,,
Katana,Starro,2,,
Katana,Steppenwolf,2,,
Katana,Supergirl,2,,
Katana,Superman,2,,
Katana,T.D.K.,1,,
Katana,The Flash,2,,
Katana,Vigilante,1,,
Katana,White Dragon,2,,
Katana,Wonder Woman,2,,
Katana,Wrath,2,,
Katana,Zeus,2,,
Killer Croc,King Nereus,2,,
Killer Croc,King Shark,2,,
Killer Croc,Lex Luthor,1,,
Killer Croc,Lust,2,,
Killer Croc,Mera,2,,
Killer Croc,Mister Zsasz,1,,
Killer Croc,Nam-Ek,2,,
Killer Croc,Nuidis Vulko,2,,
Killer Croc,Ocean Master,2,,
Killer Croc,Parademon,2,,
Killer Croc,Peacemaker,2,,
Killer Croc,Penthesileia,2,,
Killer Croc,Philippus,2,,
Killer Croc,Polka-Dot Man,1,,
Killer Croc,Queen Atlanna,2,,
Killer Croc,Queen Hippolyta,2,,
Killer Croc,Ratcatcher,1,,
Killer Croc,Rick Flag,1,,
Killer Croc,Sabbac,2,,
Killer Croc,Savant,1,,
Killer Croc,Shazam,2,,
Killer Croc,Slipknot,1,,
Killer Croc,Sol Soria,1,,
Killer Croc,Starro,2,,
Killer Croc,Steppenwolf,2,,
Killer Croc,Supergirl,2,,
Killer Croc,Superman,2,,
Killer Croc,T.D.K.,1,,
Killer Croc,The Flash,2,,
Killer Croc,Vigilante,1,,
Killer Croc,White Dragon,1,,
Killer Croc,Wonder Woman,2,,
Killer Croc,Wrath,2,,
Killer Croc,Zeus,2,,
King Nereus,King Shark,1,,
King Nereus,Lex Luthor,1,,
King Nereus,Lust,2,,
King Nereus,Mera,1,,
King Nereus,Mister Zsasz,1,,
King Nereus,Nam-Ek,2,,
King Nereus,Nuidis Vulko,1,,
King Nereus,Ocean Master,2,,
King Nereus,Parademon,1,,
King Nereus,Peacemaker,1,,
King Nereus,Penthesileia,2,,
King Nereus,Philippus,2,,
King Nereus,Polka-Dot Man,1,,
King Nereus,Queen Atlanna,1,,
King Nereus,Queen Hippolyta,2,,
King Nereus,Ratcatcher,1,,
King Nereus,Rick Flag,1,,
King Nereus,Sabbac,2,,
King Nereus,Savant,1,,
King Nereus,Shazam,2,,
King Nereus,Slipknot,1,,
King Nereus,Sol Soria,1,,
King Nereus,Starro,1,,
King Nereus,Steppenwolf,2,,
King Nereus,Supergirl,2,,
King Nereus,Superman,2,,
King Nereus,T.D.K.,1,,
King Nereus,The Flash,2,,
King Nereus,Vigilante,1,,
King Nereus,White Dragon,1,,
King Nereus,Wonder Woman,2,,
King Nereus,Wrath,2,,
King Nereus,Zeus,2,,
King Shark,Lex Luthor,1,,
King Shark,Lust,2,,
King Shark,Mera,2,,
King Shark,Mister Zsasz,1,,
King Shark,Nam-Ek,2,,
King Shark,Nuidis Vulko,2,,
King Shark,Ocean Master,2,,
King Shark,Parademon,1,,
King Shark,Peacemaker,1,,
King Shark,Penthesileia,2,,
King Shark,Philippus,2,,
King Shark,Polka-Dot Man,1,,
King Shark,Queen Atlanna,2,,
King Shark,Queen Hippolyta,2,,
King Shark,Ratcatcher,1,,
King Shark,Rick Flag,1,,
King Shark,Sabbac,2,,
King Shark,Savant,1,,
King Shark,Shazam,2,,
King Shark,Slipknot,1,,
King Shark,Sol Soria,1,,
King Shark,Starro,2,,
King Shark,Steppenwolf,2,,
King Shark,Supergirl,2,,
King Shark,Superman,2,,
King Shark,T.D.K.,1,,
King Shark,The Flash,2,,
King Shark,Vigilante,1,,
King Shark,White Dragon,1,,
King Shark,Wonder Woman,2,,
King Shark,Wrath,2,,
King Shark,Zeus,2,,
Lex Luthor,Lust,2,,
Lex Luthor,Mera,2,,
Lex Luthor,Mister Zsasz,1,,
Lex Luthor,Nam-Ek,2,,
Lex Luthor,Nuidis Vulko,2,,
Lex Luthor,Ocean Master,2,,
Lex Luthor,Parademon,2,,
Lex Luthor,Peacemaker,2,,
Lex Luthor,Penthesileia,2,,
Lex Luthor,Philippus,2,,
Lex Luthor,Polka-Dot Man,2,,
Lex Luthor,Queen Atlanna,2,,
Lex Luthor,Queen Hippolyta,2,,
Lex Luthor,Ratcatcher,2,,
Lex Luthor,Rick Flag,2,,
Lex Luthor,Sabbac,2,,
Lex Luthor,Savant,2,,
Lex Luthor,Shazam,2,,
Lex Luthor,Slipknot,1,,
Lex Luthor,Sol Soria,2,,
Lex Luthor,Starro,2,,
Lex Luthor,Steppenwolf,2,,
Lex Luthor,Supergirl,2,,
Lex Luthor,Superman,2,,
Lex Luthor,T.D.K.,2,,
Lex Luthor,The Flash,2,,
Lex Luthor,Vigilante,2,,
Lex Luthor,White Dragon,2,,
Lex Luthor,Wonder Woman,2,,
Lex Luthor,Wrath,2,,
Lex Luthor,Zeus,2,,
Lust,Mera,1,,
Lust,Mister Zsasz,1,,
Lust,Nam-Ek,2,,
Lust,Nuidis Vulko,1,,
Lust,Ocean Master,1,,
Lust,Parademon,1,,
Lust,Peacemaker,1,,
Lust,Penthesileia,1,,
Lust,Philippus,1,,
Lust,Polka-Dot Man,1,,
Lust,Queen Atlanna,1,,
Lust,Queen Hippolyta,1,,
Lust,Ratcatcher,1,,
Lust,Rick Flag,1,,
Lust,Sabbac,2,,
Lust,Savant,1,,
Lust,Shazam,1,,
Lust,Slipknot,1,,
Lust,Sol Soria,1,,
Lust,Starro,1,,
Lust,Steppenwolf,2,,
Lust,Supergirl,1,,
Lust,Superman,2,,
Lust,T.D.K.,1,,
Lust,The Flash,0,,
Lust,Vigilante,1,,
Lust,White Dragon,1,,
Lust,Wonder Woman,2,,
Lust,Wrath,0,,
Lust,Zeus,2,,
Mera,Mister Zsasz,1,,
Mera,Nam-Ek,2,,
Mera,Nuidis Vulko,2,,
Mera,Ocean Master,2,,
Mera,Parademon,1,,
Mera,Peacemaker,1,,
Mera,Penthesileia,2,,
Mera,Philippus,2,,
Mera,Polka-Dot Man,1,,
Mera,Queen Atlanna,2,,
Mera,Queen Hippolyta,2,,
Mera,Ratcatcher,1,,
Mera,Rick Flag,1,,
Mera,Sabbac,2,,
Mera,Savant,1,,
Mera,Shazam,2,,
Mera,Slipknot,1,,
Mera,Sol Soria,1,,
Mera,Starro,2,,
Mera,Steppenwolf,2,,
Mera,Supergirl,2,,
Mera,Superman,2,,
Mera,T.D.K.,1,,
Mera,The Flash,2,,
Mera,Vigilante,1,,
Mera,White Dragon,1,,
Mera,Wonder Woman,2,,
Mera,Wrath,2,,
Mera,Zeus,2,,
Mister Zsasz,Nam-Ek,2,,
Mister Zsasz,Nuidis Vulko,2,,
Mister Zsasz,Ocean Master,2,,
Mister Zsasz,Parademon,2,,
Mister Zsasz,Peacemaker,2,,
Mister Zsasz,Penthesileia,2,,
Mister Zsasz,Philippus,2,,
Mister Zsasz,Polka-Dot Man,2,,
Mister Zsasz,Queen Atlanna,2,,
Mister Zsasz,Queen Hippolyta,2,,
Mister Zsasz,Ratcatcher,2,,
Mister Zsasz,Rick Flag,2,,
Mister Zsasz,Sabbac,2,,
Mister Zsasz,Savant,2,,
Mister Zsasz,Shazam,2,,
Mister Zsasz,Slipknot,1,,
Mister Zsasz,Sol Soria,2,,
Mister Zsasz,Starro,2,,
Mister Zsasz,Steppenwolf,2,,
Mister Zsasz,Supergirl,2,,
Mister Zsasz,Superman,2,,
Mister Zsasz,T.D.K.,2,,
Mister Zsasz,The Flash,2,,
Mister Zsasz,Vigilante,2,,
Mister Zsasz,White Dragon,2,,
Mister Zsasz,Wonder Woman,2,,
Mister Zsasz,Wrath,2,,
Mister Zsasz,Zeus,2,,
Nam-Ek,Nuidis Vulko,1,,
Nam-Ek,Ocean Master,1,,
Nam-Ek,Parademon,1,,
Nam-Ek,Peacemaker,1,,
Nam-Ek,Penthesileia,1,,
Nam-Ek,Philippus,1,,
Nam-Ek,Polka-Dot Man,1,,
Nam-Ek,Queen Atlanna,1,,
Nam-Ek,Queen Hippolyta,1,,
Nam-Ek,Ratcatcher,1,,
Nam-Ek,Rick Flag,1,,
Nam-Ek,Sabbac,2,,
Nam-Ek,Savant,1,,
Nam-Ek,Shazam,1,,
Nam-Ek,Slipknot,1,,
Nam-Ek,Sol Soria,1,,
Nam-Ek,Starro,1,,
Nam-Ek,Steppenwolf,2,,
Nam-Ek,Supergirl,1,,
Nam-Ek,Superman,2,,
Nam-Ek,T.D.K.,1,,
Nam-Ek,The Flash,1,,
Nam-Ek,Vigilante,1,,
Nam-Ek,White Dragon,1,,
Nam-Ek,Wonder Woman,2,,
Nam-Ek,Wrath,1,,
Nam-Ek,Zeus,2,,
Nuidis Vulko,Ocean Master,2,,
Nuidis Vulko,Parademon,1,,
Nuidis Vulko,Peacemaker,1,,
Nuidis Vulko,Penthesileia,2,,
Nuidis Vulko,Philippus,2,,
Nuidis Vulko,Polka-Dot Man,1,,
Nuidis Vulko,Queen Atlanna,2,,
Nuidis Vulko,Queen Hippolyta,2,,
Nuidis Vulko,Ratcatcher,1,,
Nuidis Vulko,Rick Flag,1,,
Nuidis Vulko,Sabbac,2,,
Nuidis Vulko,Savant,1,,
Nuidis Vulko,Shazam,2,,
Nuidis Vulko,Slipknot,1,,
Nuidis Vulko,Sol Soria,1,,
Nuidis Vulko,Starro,2,,
Nuidis Vulko,Steppenwolf,2,,
Nuidis Vulko,Supergirl,2,,
Nuidis Vulko,Superman,2,,
Nuidis Vulko,T.D.K.,1,,
Nuidis Vulko,The Flash,2,,
Nuidis Vulko,Vigilante,1,,
Nuidis Vulko,White Dragon,1,,
Nuidis Vulko,Wonder Woman,2,,
Nuidis Vulko,Wrath,2,,
Nuidis Vulko,Zeus,2,,
Ocean Master,Parademon,1,,
Ocean Master,Peacemaker,1,,
Ocean Master,Penthesileia,2,,
Ocean Master,Philippus,0,,
Ocean Master,Polka-Dot Man,1,,
Ocean Master,Queen Atlanna,1,,
Ocean Master,Queen Hippolyta,1,,
Ocean Master,Ratcatcher,1,,
Ocean Master,Rick Flag,1,,
Ocean Master,Sabbac,2,,
Ocean Master,Savant,1,,
Ocean Master,Shazam,2,,
Ocean Master,Slipknot,1,,
Ocean Master,Sol Soria,1,,
Ocean Master,Starro,1,,
Ocean Master,Steppenwolf,2,,
Ocean Master,Supergirl,2,,
Ocean Master,Superman,2,,
Ocean Master,T.D.K.,1,,
Ocean Master,The Flash,2,,
Ocean Master,Vigilante,1,,
Ocean Master,White Dragon,1,,
Ocean Master,Wonder Woman,2,,
Ocean Master,Wrath,2,,
Ocean Master,Zeus,2,,
Parademon,Peacemaker,2,,
Parademon,Penthesileia,2,,
Parademon,Philippus,2,,
Parademon,Polka-Dot Man,1,,
Parademon,Queen Atlanna,2,,
Parademon,Queen Hippolyta,2,,
Parademon,Ratcatcher,1,,
Parademon,Rick Flag,1,,
Parademon,Sabbac,2,,
Parademon,Savant,1,,
Parademon,Shazam,2,,
Parademon,Slipknot,1,,
Parademon,Sol Soria,1,,
Parademon,Starro,2,,
Parademon,Steppenwolf,2,,
Parademon,Supergirl,2,,
Parademon,Superman,2,,
Parademon,T.D.K.,1,,
Parademon,The Flash,2,,
Parademon,Vigilante,1,,
Parademon,White Dragon,1,,
Parademon,Wonder Woman,2,,
Parademon,Wrath,2,,
Parademon,Zeus,2,,
Peacemaker,Penthesileia,2,,
Peacemaker,Philippus,2,,
Peacemaker,Polka-Dot Man,1,,
Peacemaker,Queen Atlanna,2,,
Peacemaker,Queen Hippolyta,2,,
Peacemaker,Ratcatcher,1,,
Peacemaker,Rick Flag,1,,
Peacemaker,Sabbac,2,,
Peacemaker,Savant,1,,
Peacemaker,Shazam,2,,
Peacemaker,Slipknot,1,,
Peacemaker,Sol Soria,1,,
Peacemaker,Starro,2,,
Peacemaker,Steppenwolf,2,,
Peacemaker,Supergirl,2,,
Peacemaker,Superman,2,,
Peacemaker,T.D.K.,1,,
Peacemaker,The Flash,2,,
Peacemaker,Vigilante,1,,
Peacemaker,White Dragon,1,,
Peacemaker,Wonder Woman,2,,
Peacemaker,Wrath,2,,
Peacemaker,Zeus,2,,
Penthesileia,Philippus,1,,
Penthesileia,Polka-Dot Man,1,,
Penthesileia,Queen Atlanna,1,,
Penthesileia,Queen Hippolyta,1,,
Penthesileia,Ratcatcher,1,,
Penthesileia,Rick Flag,1,,
Penthesileia,Sabbac,2,,
Penthesileia,Savant,1,,
Penthesileia,Shazam,0,,
Penthesileia,Slipknot,1,,
Penthesileia,Sol Soria,1,,
Penthesileia,Starro,1,,
Penthesileia,Steppenwolf,2,,
Penthesileia,Supergirl,1,,
Penthesileia,Superman,2,,
Penthesileia,T.D.K.,1,,
Penthesileia,The Flash,2,,
Penthesileia,Vigilante,1,,
Penthesileia,White Dragon,1,,
Penthesileia,Wonder Woman,2,,
Penthesileia,Wrath,2,,
Penthesileia,Zeus,2,,
Philippus,Polka-Dot Man,1,,
Philippus,Queen Atlanna,1,,
Philippus,Queen Hippolyta,1,,
Philippus,Ratcatcher,1,,
Philippus,Rick Flag,1,,
Philippus,Sabbac,2,,
Philippus,Savant,1,,
Philippus,Shazam,2,,
Philippus,Slipknot,1,,
Philippus,Sol Soria,1,,
Philippus,Starro,1,,
Philippus,Steppenwolf,2,,
Philippus,Supergirl,2,,
Philippus,Superman,2,,
Philippus,T.D.K.,1,,
Philippus,The Flash,2,,
Philippus,Vigilante,1,,
Philippus,White Dragon,1,,
Philippus,Wonder Woman,2,,
Philippus,Wrath,2,,
Philippus,Zeus,2,,
Polka-Dot Man,Queen Atlanna,2,,
Polka-Dot Man,Queen Hippolyta,2,,
Polka-Dot Man,Ratcatcher,1,,
Polka-Dot Man,Rick Flag,2,,
Polka-Dot Man,Sabbac,2,,
Polka-Dot Man,Savant,1,,
Polka-Dot Man,Shazam,2,,
Polka-Dot Man,Slipknot,1,,
Polka-Dot Man,Sol Soria,1,,
Polka-Dot Man,Starro,2,,
Polka-Dot Man,Steppenwolf,2,,
Polka-Dot Man,Supergirl,2,,
Polka-Dot Man,Superman,2,,
Polka-Dot Man,T.D.K.,1,,
Polka-Dot Man,The Flash,2,,
Polka-Dot Man,Vigilante,2,,
Polka-Dot Man,White Dragon,2,,
Polka-Dot Man,Wonder Woman,2,,
Polka-Dot Man,Wrath,2,,
Polka-Dot Man,Zeus,2,,
Queen Atlanna,Queen Hippolyta,2,,
Queen Atlanna,Ratcatcher,1,,
Queen Atlanna,Rick Flag,1,,
Queen Atlanna,Sabbac,2,,
Queen Atlanna,Savant,1,,
Queen Atlanna,Shazam,2,,
Queen Atlanna,Slipknot,1,,
Queen Atlanna,Sol Soria,1,,
Queen Atlanna,Starro,1,,
Queen Atlanna,Steppenwolf,2,,
Queen Atlanna,Supergirl,2,,
Queen Atlanna,Superman,2,,
Queen Atlanna,T.D.K.,1,,
Queen Atlanna,The Flash,2,,
Queen Atlanna,Vigilante,1,,
Queen Atlanna,White Dragon,1,,
Queen Atlanna,Wonder Woman,2,,
Queen Atlanna,Wrath,2,,
Queen Atlanna,Zeus,2,,
Queen Hippolyta,Ratcatcher,1,,
Queen Hippolyta,Rick Flag,1,,
Queen Hippolyta,Sabbac,2,,
Queen Hippolyta,Savant,1,,
Queen Hippolyta,Shazam,2,,
Queen Hippolyta,Slipknot,1,,
Queen Hippolyta,Sol Soria,1,,
Queen Hippolyta,Starro,1,,
Queen Hippolyta,Steppenwolf,2,,
Queen Hippolyta,Supergirl,2,,
Queen Hippolyta,Superman,2,,
Queen Hippolyta,T.D.K.,1,,
Queen Hippolyta,The Flash,2,,
Queen Hippolyta,Vigilante,1,,
Queen Hippolyta,White Dragon,1,,
Queen Hippolyta,Wonder Woman,2,,
Queen Hippolyta,Wrath,2,,
Queen Hippolyta,Zeus,2,,
Ratcatcher,Rick Flag,2,,
Ratcatcher,Sabbac,2,,
Ratcatcher,Savant,2,,
Ratcatcher,Shazam,2,,
Ratcatcher,Slipknot,1,,
Ratcatcher,Sol Soria,0,,
Ratcatcher,Starro,2,,
Ratcatcher,Steppenwolf,2,,
Ratcatcher,Supergirl,2,,
Ratcatcher,Superman,2,,
Ratcatcher,T.D.K.,2,,
Ratcatcher,The Flash,2,,
Ratcatcher,Vigilante,2,,
Ratcatcher,White Dragon,2,,
Ratcatcher,Wonder Woman,2,,
Ratcatcher,Wrath,2,,
Ratcatcher,Zeus,2,,
Rick Flag,Sabbac,2,,
Rick Flag,Savant,1,,
Rick Flag,Shazam,2,,
Rick Flag,Slipknot,1,,
Rick Flag,Sol Soria,1,,
Rick Flag,Starro,2,,
Rick Flag,Steppenwolf,2,,
Rick Flag,Supergirl,2,,
Rick Flag,Superman,2,,
Rick Flag,T.D.K.,1,,
Rick Flag,The Flash,2,,
Rick Flag,Vigilante,2,,
Rick Flag,White Dragon,2,,
Rick Flag,Wonder Woman,2,,
Rick Flag,Wrath,2,,
Rick Flag,Zeus,2,,
Sabbac,Savant,1,,
Sabbac,Shazam,1,,
Sabbac,Slipknot,1,,
Sabbac,Sol Soria,1,,
Sabbac,Starro,1,,
Sabbac,Steppenwolf,2,,
Sabbac,Supergirl,1,,
Sabbac,Superman,2,,
Sabbac,T.D.K.,1,,
Sabbac,The Flash,1,,
Sabbac,Vigilante,1,,
Sabbac,White Dragon,1,,
Sabbac,Wonder Woman,2,,
Sabbac,Wrath,1,,
Sabbac,Zeus,2,,
Savant,Shazam,2,,
Savant,Slipknot,1,,
Savant,Sol Soria,1,,
Savant,Starro,2,,
Savant,Steppenwolf,2,,
Savant,Supergirl,2,,
Savant,Superman,2,,
Savant,T.D.K.,2,,
Savant,The Flash,2,,
Savant,Vigilante,2,,
Savant,White Dragon,2,,
Savant,Wonder Woman,2,,
Savant,Wrath,2,,
Savant,Zeus,2,,
Shazam,Slipknot,1,,
Shazam,Sol Soria,1,,
Shazam,Starro,1,,
Shazam,Steppenwolf,2,,
Shazam,Supergirl,1,,
Shazam,Superman,2,,
Shazam,T.D.K.,1,,
Shazam,The Flash,2,,
Shazam,Vigilante,1,,
Shazam,White Dragon,1,,
Shazam,Wonder Woman,2,,
Shazam,Wrath,2,,
Shazam,Zeus,2,,
Slipknot,Sol Soria,2,,
Slipknot,Starro,2,,
Slipknot,Steppenwolf,2,,
Slipknot,Supergirl,2,,
Slipknot,Superman,2,,
Slipknot,T.D.K.,2,,
Slipknot,The Flash,2,,
Slipknot,Vigilante,2,,
Slipknot,White Dragon,2,,
Slipknot,Wonder Woman,2,,
Slipknot,Wrath,2,,
Slipknot,Zeus,2,,
Sol Soria,Starro,2,,
Sol Soria,Steppenwolf,2,,
Sol Soria,Supergirl,2,,
Sol Soria,Superman,2,,
Sol Soria,T.D.K.,2,,
Sol Soria,The Flash,2,,
Sol Soria,Vigilante,2,,
Sol Soria,White Dragon,2,,
Sol Soria,Wonder Woman,2,,
Sol Soria,Wrath,2,,
Sol Soria,Zeus,2,,
Starro,Steppenwolf,2,,
Starro,Supergirl,2,,
Starro,Superman,2,,
Starro,T.D.K.,1,,
Starro,The Flash,2,,
Starro,Vigilante,1,,
Starro,White Dragon,1,,
Starro,Wonder Woman,2,,
Starro,Wrath,2,,
Starro,Zeus,2,,
Steppenwolf,Supergirl,1,,
Steppenwolf,Superman,2,,
Steppenwolf,T.D.K.,1,,
Steppenwolf,The Flash,1,,
Steppenwolf,Vigilante,1,,
Steppenwolf,White Dragon,1,,
Steppenwolf,Wonder Woman,2,,
Steppenwolf,Wrath,1,,
Steppenwolf,Zeus,2,,
Supergirl,Superman,2,,
Supergirl,T.D.K.,1,,
Supergirl,The Flash,2,,
Supergirl,Vigilante,1,,
Supergirl,White Dragon,1,,
Supergirl,Wonder Woman,2,,
Supergirl,Wrath,2,,
Supergirl,Zeus,2,,
Superman,T.D.K.,1,,
Superman,The Flash,1,,
Superman,Vigilante,1,,
Superman,White Dragon,1,,
Superman,Wonder Woman,2,,
Superman,Wrath,1,,
Superman,Zeus,1,,
T.D.K.,The Flash,2,,
T.D.K.,Vigilante,2,,
T.D.K.,White Dragon,2,,
T.D.K.,Wonder Woman,2,,
T.D.K.,Wrath,2,,
T.D.K.,Zeus,2,,
The Flash,Vigilante,1,,
The Flash,White Dragon,1,,
The Flash,Wonder Woman,2,,
The Flash,Wrath,0,,
The Flash,Zeus,2,,
Vigilante,White Dragon,2,,
Vigilante,Wonder Woman,2,,
Vigilante,Wrath,2,,
Vigilante,Zeus,2,,
White Dragon,Wonder Woman,2,,
White Dragon,Wrath,2,,
White Dragon,Zeus,2,,
Wonder Woman,Wrath,1,,
Wonder Woman,Zeus,1,,
Wrath,Zeus,2,,
